,name,popularity,artists,release_date,images,urls
761,Sun of Jamaica,56,['Goombay Dance Band'],1980-01-01,https://i.scdn.co/image/ab67616d0000b273e831397f320e6eca72c5ff71,https://open.spotify.com/track/5apwlmvQphkCJbHnMGUP2t
761,Eldorado,40,['Goombay Dance Band'],1980-01-01,https://i.scdn.co/image/ab67616d0000b27379ea682c1ef618eaa5d518ec,https://open.spotify.com/track/3Ii7S0TeBj4tZDDDc3GpIz
761,2 Become 1,67,['Spice Girls'],1996-01-01,https://i.scdn.co/image/ab67616d0000b27363facc42e4a35eb3aa182b59,https://open.spotify.com/track/36AWdhZIGLUTkWpJDhe7va
761,Stop,69,['Spice Girls'],1997-01-01,https://i.scdn.co/image/ab67616d0000b273af6a08097dd4ac26b96c8be1,https://open.spotify.com/track/3FteycP8CaXS1MhjcXekVT
761,Spice Up Your Life,66,['Spice Girls'],1997-01-01,https://i.scdn.co/image/ab67616d0000b273af6a08097dd4ac26b96c8be1,https://open.spotify.com/track/5qGwqO0lkbBXw4xNfzT7SF
761,Viva Forever,62,['Spice Girls'],1997-01-01,https://i.scdn.co/image/ab67616d0000b273af6a08097dd4ac26b96c8be1,https://open.spotify.com/track/6BPDPcnbDMDf58srVzbfX9
761,Saturday Night Divas,48,['Spice Girls'],1997-01-01,https://i.scdn.co/image/ab67616d0000b273af6a08097dd4ac26b96c8be1,https://open.spotify.com/track/3M83cWfWcFXtkavdM8NuEZ
761,I Don't Wanna,60,['Aaliyah'],1999-12-14,https://i.scdn.co/image/ab67616d0000b273488d847083f981cbcc74f3b1,https://open.spotify.com/track/4h7wUvVV8Ff8UL7JqAByiL
761,Slow Down (feat. Jorja Smith) - Vintage Culture & Slow Motion Remix,78,"['Maverick Sabre', 'Jorja Smith', 'Vintage Culture', 'Slow Motion']",2020-04-03,https://i.scdn.co/image/ab67616d0000b273fb6906ff39ee5ec9f230e05d,https://open.spotify.com/track/5PNvgiKSwMdjBsDsgFCFLX
761,"Aloha-Oe, Until We Meet Again",37,['Goombay Dance Band'],1980-01-01,https://i.scdn.co/image/ab67616d0000b273e831397f320e6eca72c5ff71,https://open.spotify.com/track/56lrb1i1Rx9NisoNEJjFbe
761,"Turn On, Tune In, Cop Out - Radio Edit",53,['Freak Power'],1994-01-01,https://i.scdn.co/image/ab67616d0000b273d9ad2428e2a5b4cdec45fd7b,https://open.spotify.com/track/2SC4TS2QvUcKvXRFGgyyDc
761,Street Thing,39,['Aaliyah'],1994-05-22,https://i.scdn.co/image/ab67616d0000b27371aaf1ce904c974ed4efc0c8,https://open.spotify.com/track/7xvVKAJVbeO0IpwoXMuEgx
761,Make Me Wanna Holler,39,['Meshell Ndegeocello'],1996-01-01,https://i.scdn.co/image/ab67616d0000b273bde950049e19423036b3a7d2,https://open.spotify.com/track/71jSYhSNjkMChLJMrSrV3c
761,Getting Late,48,['Floetry'],2002-01-01,https://i.scdn.co/image/ab67616d0000b27374ba4c0d51c93c3d8c798e86,https://open.spotify.com/track/0khnsS3vcqT6qngEhZCk4c
761,今夜妳會不會來,42,['Leon Lai'],1991-05-16,https://i.scdn.co/image/ab67616d0000b273f4d9db8467081faacac9c88a,https://open.spotify.com/track/2QyEqtetkZqCNOMkshxuhh
761,Viva Forever,48,['Spice Girls'],1998-07-20,https://i.scdn.co/image/ab67616d0000b2737f773e0bb1d690621b02df4a,https://open.spotify.com/track/4sB9igr4cKIT358vYdjrkv
761,ทำใจลำบาก,34,['Thanet Warakulnukror'],1990-02-18,https://i.scdn.co/image/ab67616d0000b273edd9d95af52e3ba47c61d438,https://open.spotify.com/track/4ggrNl0z2SoQyKcqsnwzjp
761,El Tun Tun De Tu Corazón,46,['Orquesta La Palabra'],2004-03-21,https://i.scdn.co/image/ab67616d0000b27302db406c77cce278dbe57e61,https://open.spotify.com/track/6azINcp9xhWaTk1f5bkfQL
761,Falling World,43,['Swallow The Sun'],2009-01-01,https://i.scdn.co/image/ab67616d0000b273abb161f8fba679da8bd95d0c,https://open.spotify.com/track/4QfxAFezE1CyUc9lKR8G2O
761,Moonbeam Woman,40,['Freak Power'],1994-01-01,https://i.scdn.co/image/ab67616d0000b273d9ad2428e2a5b4cdec45fd7b,https://open.spotify.com/track/4tBezvdsNYhxzxwpuQUS2W
761,Hajde Da Ludujemo,37,['Tajci'],1990-01-01,https://i.scdn.co/image/ab67616d0000b2732a8aa0ae7690c71300c0f174,https://open.spotify.com/track/2jEBdBbgODqNlhpv4DlXlv
761,情深說話未曾講,41,['Leon Lai'],1998-01-01,https://i.scdn.co/image/ab67616d0000b2730560c5144b24b6c2f23b9770,https://open.spotify.com/track/3TuI9qIu4owNBhaRLl8uGl
761,Dálniční Hlídka,31,['Pavel Bobek'],2003-07-28,https://i.scdn.co/image/ab67616d0000b273bce56c1239c319043509da4b,https://open.spotify.com/track/1xlbqTJaiJDSdTZbHzt1gc
761,如果這是情 - 電視劇「人在邊緣」插曲,34,['Leon Lai'],1991-11-11,https://i.scdn.co/image/ab67616d0000b2739bbbba14bff9001284d3d9da,https://open.spotify.com/track/2ecMqOGJoYc80is0sKXovo
761,深秋的黎明,31,['Leon Lai'],1993-10-12,https://i.scdn.co/image/ab67616d0000b2733e017b4c686643e4f216312e,https://open.spotify.com/track/59fzj2keuVLiLle05VZqk4
761,我這樣愛你,35,['Leon Lai'],1998-06-04,https://i.scdn.co/image/ab67616d0000b273efb2bef417c36e060dddc42e,https://open.spotify.com/track/1VztrbcXMIygB7wUkQgNOY
761,那有一天不想你,36,['Leon Lai'],1998-01-01,https://i.scdn.co/image/ab67616d0000b2730560c5144b24b6c2f23b9770,https://open.spotify.com/track/1DEPyqGx1wiYNPZc4dh7oS
761,如果可以再見你,31,['Leon Lai'],1998-08-26,https://i.scdn.co/image/ab67616d0000b2734f6cdc2508db2994035be561,https://open.spotify.com/track/5JubP0zOo51JwpSnMCjbcu
761,眼睛想旅行,32,['Leon Lai'],1999-05-26,https://i.scdn.co/image/ab67616d0000b273080d24962bce4481e31277b9,https://open.spotify.com/track/42LP9sxEZ4tqHLgBzApBKR
761,Sugar In The Marmalade,32,['Leon Lai'],1999-05-26,https://i.scdn.co/image/ab67616d0000b2732a09ec5cb8d94da9b6b2d050,https://open.spotify.com/track/4xTuzHDduZNPLMnvQhFAfI
761,夏日傾情,38,['Leon Lai'],2001-01-01,https://i.scdn.co/image/ab67616d0000b2734c30c39d277e4b14dcbc765e,https://open.spotify.com/track/4Kl3XwXz7lhc00kx7XTEsD
761,炉心融解,53,['iroha(sasaki)'],2008,https://i.scdn.co/image/ab67616d0000b273c48071fe875fcf12dd1dfc8b,https://open.spotify.com/track/705CVl7WvtnJgVpGIgZ6dQ
761,夏日傾情,36,['Leon Lai'],2013-01-01,https://i.scdn.co/image/ab67616d0000b27371097e9cc902d6bab6040a51,https://open.spotify.com/track/4xeqgwnnacWSzkenUQM3W7
761,顧家 (同居版),38,['Leon Lai'],2020-06-18,https://i.scdn.co/image/ab67616d0000b2738ae6c0135dd5eb5cd2b11b2f,https://open.spotify.com/track/41QZuq19v4aMj3SeEKSEWr
761,Seventeen,48,['Ladytron'],2002,https://i.scdn.co/image/ab67616d0000b273f0dfe2bb52862502f6ca2859,https://open.spotify.com/track/106R0orU4XC4tFbugFfRzT
761,Nicky Larson - Générique,32,['Jean-Paul Césari'],1991-05-06,https://i.scdn.co/image/ab67616d0000b2731ec45b17af9fbaa148f41278,https://open.spotify.com/track/3at0jHrqhquiyIsrTusZHG
761,MSN (^_^ ),41,['เฟย์ ฟาง แก้ว'],2007-03-29,https://i.scdn.co/image/ab67616d0000b27362ad0ce9a7bcb39c70d3248c,https://open.spotify.com/track/6Ro2CIrEXdktfKxRujAUnn
761,คำถาม My Question ?,42,['เฟย์ ฟาง แก้ว'],2008-03-13,https://i.scdn.co/image/ab67616d0000b2735a746e60c2d24851608a67dc,https://open.spotify.com/track/1PlsYOKAhggL7bhY53A8Ar
761,อยากลืมว่าเป็นเพื่อนเธอ (Blank),39,['เฟย์ ฟาง แก้ว'],2010-10-28,https://i.scdn.co/image/ab67616d0000b273ad5b95a3d1c7c795e35f1c25,https://open.spotify.com/track/3gHQxxOg7UBQjbP8EuX31q
761,Rush - Radio Version,37,['Freak Power'],1994-01-01,https://i.scdn.co/image/ab67616d0000b273d9ad2428e2a5b4cdec45fd7b,https://open.spotify.com/track/2Kzo2t7MoLNajryCRfI37k
761,Por Retenerte,40,['Alberto Barros Y Los Titanez De La Salsa'],2006-04-19,https://i.scdn.co/image/ab67616d0000b273100da4ba0467422b0cae2d45,https://open.spotify.com/track/0JZuVpguWe7wwHhe2igThL
761,Sende Kaldı Yüreğim,41,['Burhan Çaçan'],2011-11-10,https://i.scdn.co/image/ab67616d0000b273599491c8aded08c69488c4aa,https://open.spotify.com/track/5TgN9rVH7HuhvjU0Y9Mz7a
761,"TRAP.N.EXPORT (feat. Duki, Ysy A & Neo Pistea)",55,"['Modo Diablo', 'Duki', 'Neo Pistea', 'YSY A']",2019-02-08,https://i.scdn.co/image/ab67616d0000b2735b37cf5c9c199e48fe7d56e1,https://open.spotify.com/track/3aozFlnbP7zhcJKi9O0FUz
761,"Tú hombre, yo niña",36,['Alejandra Avalos'],2011-02-21,https://i.scdn.co/image/ab67616d0000b273e81d9d78fc55bb24850122cd,https://open.spotify.com/track/1A9uQznp9xUdvm0vGZMqSr
761,Le Le Mazaa Le,47,"['Suzanne', 'Sowmya Raoh', 'Hrishikesh Kamerkar', 'Nikita Nigam']",2009-08-10,https://i.scdn.co/image/ab67616d0000b2739e1e22b81c6cced756ea3f9c,https://open.spotify.com/track/0V6i9XZ7NOfXQAygSaswnM
761,Nasaan,34,['Nyoy Volante with Mannos'],2008-02-22,https://i.scdn.co/image/ab67616d0000b273dd398524b0f84a2e956d1970,https://open.spotify.com/track/5h2AYnyNCkbpXmGcnodCbB
761,今夜妳會不會來,34,['Leon Lai'],1992-01-01,http://orig12.deviantart.net/846f/f/2015/245/9/b/new_spotify_icon_by_mattroxzworld-d98301o.png,https://open.spotify.com/
761,Naked,42,['Spice Girls'],1996-01-01,http://orig12.deviantart.net/846f/f/2015/245/9/b/new_spotify_icon_by_mattroxzworld-d98301o.png,https://open.spotify.com/
761,Are You That Somebody?,49,['Aaliyah'],2002,http://orig12.deviantart.net/846f/f/2015/245/9/b/new_spotify_icon_by_mattroxzworld-d98301o.png,https://open.spotify.com/
761,越夜越有機,32,['Leon Lai'],2000-05-22,http://orig12.deviantart.net/846f/f/2015/245/9/b/new_spotify_icon_by_mattroxzworld-d98301o.png,https://open.spotify.com/
761,Beautiful,38,['Meshell Ndegeocello'],1999-08-13,http://orig12.deviantart.net/846f/f/2015/245/9/b/new_spotify_icon_by_mattroxzworld-d98301o.png,https://open.spotify.com/
761,Bound 4 da Reload - Casualty,47,['Oxide & Neutrino'],2000-12-01,http://orig12.deviantart.net/846f/f/2015/245/9/b/new_spotify_icon_by_mattroxzworld-d98301o.png,https://open.spotify.com/
761,Destroy Everything You Touch,51,['Ladytron'],2005-01-01,http://orig12.deviantart.net/846f/f/2015/245/9/b/new_spotify_icon_by_mattroxzworld-d98301o.png,https://open.spotify.com/
761,Generator,48,['The Holloways'],2006,http://orig12.deviantart.net/846f/f/2015/245/9/b/new_spotify_icon_by_mattroxzworld-d98301o.png,https://open.spotify.com/
761,Age Ain't Nothing But a Number,37,['Aaliyah'],1994-05-24,http://orig12.deviantart.net/846f/f/2015/245/9/b/new_spotify_icon_by_mattroxzworld-d98301o.png,https://open.spotify.com/
761,Goodbye,53,['Spice Girls'],2000-01-01,http://orig12.deviantart.net/846f/f/2015/245/9/b/new_spotify_icon_by_mattroxzworld-d98301o.png,https://open.spotify.com/
761,Destroy Everything You Touch,38,['Ladytron'],2005,http://orig12.deviantart.net/846f/f/2015/245/9/b/new_spotify_icon_by_mattroxzworld-d98301o.png,https://open.spotify.com/
761,"No Good 4 Me (feat. Megaman, Romeo and Lisa Maffia)",46,['Oxide & Neutrino'],2000-12-01,http://orig12.deviantart.net/846f/f/2015/245/9/b/new_spotify_icon_by_mattroxzworld-d98301o.png,https://open.spotify.com/
762,Hasta Morir,50,['Caifanes'],1992-06-08,https://i.scdn.co/image/ab67616d0000b273bc4d989c48ad5b154fb0781d,https://open.spotify.com/track/0wmzw4EVXp2XrOC47r6IOK
762,Player's Ball,61,['Outkast'],1994-04-26,https://i.scdn.co/image/ab67616d0000b273aa769e35e297a20f214d0c64,https://open.spotify.com/track/1RXEb6UTxJ05RffnAWfUOE
762,Crumblin' Erb,53,['Outkast'],1994-04-26,https://i.scdn.co/image/ab67616d0000b273aa769e35e297a20f214d0c64,https://open.spotify.com/track/3T790QTg0ebUUk5tCRbtbN
762,"Git Up, Git Out (feat. Goodie Mob)",52,"['Outkast', 'Goodie Mob']",1994-04-26,https://i.scdn.co/image/ab67616d0000b273aa769e35e297a20f214d0c64,https://open.spotify.com/track/6XadDzmDVhtEQ1Itt5t8h8
762,Hootie Hoo,48,['Outkast'],1994-04-26,https://i.scdn.co/image/ab67616d0000b273aa769e35e297a20f214d0c64,https://open.spotify.com/track/2B7hM098uEDiLJqTsUY4Ba
762,ATLiens,68,['Outkast'],1996-08-27,https://i.scdn.co/image/ab67616d0000b27384be563c5931d7ef35706148,https://open.spotify.com/track/2vfvGlqCB7oertO5VLE0sz
762,Elevators (Me & You),61,['Outkast'],1996-08-27,https://i.scdn.co/image/ab67616d0000b27384be563c5931d7ef35706148,https://open.spotify.com/track/2oLwDI8tZUOh6SmTMRRfKs
762,Jazzy Belle,59,['Outkast'],1996-08-27,https://i.scdn.co/image/ab67616d0000b27384be563c5931d7ef35706148,https://open.spotify.com/track/6w4MlvpuxtbjGdL9YeTx89
762,Two Dope Boyz (In a Cadillac),51,['Outkast'],1996-08-27,https://i.scdn.co/image/ab67616d0000b27384be563c5931d7ef35706148,https://open.spotify.com/track/2q8lHMMso6wx6pb5uwqzOs
762,Babylon,47,['Outkast'],1996-08-27,https://i.scdn.co/image/ab67616d0000b27384be563c5931d7ef35706148,https://open.spotify.com/track/1OkHiYsPJBwhR5Jb0hz9Q1
762,Aquemini,59,['Outkast'],1998-09-29,https://i.scdn.co/image/ab67616d0000b273377a6d2051b23afea65ee41a,https://open.spotify.com/track/4V3N5LvUOh3yDPP16cwAhE
762,Ms. Jackson,82,['Outkast'],2000-10-31,https://i.scdn.co/image/ab67616d0000b2732350e31bc346a6c20e9de166,https://open.spotify.com/track/0I3q5fE6wg7LIfHGngUTnV
762,Hey Ya!,80,['Outkast'],2003,https://i.scdn.co/image/ab67616d0000b2736a6387ab37f64034cdc7b367,https://open.spotify.com/track/2PpruBYCo4H7WOBJ7Q2EwM
762,Prototype,59,['Outkast'],2003,https://i.scdn.co/image/ab67616d0000b2736a6387ab37f64034cdc7b367,https://open.spotify.com/track/1QJb6LWvPXZpTMiqqODqkH
762,Criminal,76,"['Natti Natasha', 'Ozuna']",2017-09-01,https://i.scdn.co/image/ab67616d0000b2735f3f4af0d3e662247a7d8cff,https://open.spotify.com/track/6Za3190Sbw39BBC77WSS1C
762,Las Nenas (feat. La Duraca),77,"['Natti Natasha', 'Cazzu', 'Farina', 'La Duraca']",2021-03-04,https://i.scdn.co/image/ab67616d0000b2730268628dae8573c750772c62,https://open.spotify.com/track/2KTCXvWUbqfiinbFe7PJKP
762,"Return of the ""G""",48,['Outkast'],1998-09-29,https://i.scdn.co/image/ab67616d0000b273377a6d2051b23afea65ee41a,https://open.spotify.com/track/1wYp8ISMvX8qrflPrBU9Yo
762,YHWH (Yahweh),33,['We Will Worship'],2013-08-14,https://i.scdn.co/image/ab67616d0000b27367ac026f1b55b6a71deffb68,https://open.spotify.com/track/0sPPjgqVXD58wnhwQBHLsF
762,Crimson & Clover,33,['Aguaturbia'],1970,https://i.scdn.co/image/ab67616d0000b2735cd578840914486f2acfee84,https://open.spotify.com/track/67kP4RjiGxSggSO5YniuLC
762,Slump,47,['Outkast'],1998-09-29,https://i.scdn.co/image/ab67616d0000b273377a6d2051b23afea65ee41a,https://open.spotify.com/track/4ufZSKCI84Pd2ZlWTJcu4i
762,Mocca,65,"['Lalo Ebratt', 'Trapical']",2018-04-27,https://i.scdn.co/image/ab67616d0000b273cd69f8e28af9e7c9b7d02a66,https://open.spotify.com/track/0NKoPGc72yUKTIneVhFfg1
762,Amantes de una Noche,65,"['Natti Natasha', 'Bad Bunny']",2018-01-12,https://i.scdn.co/image/ab67616d0000b27389b52367ec7943bba81675cd,https://open.spotify.com/track/2iCOdoyDmWG3hWkbtH1KB2
762,Mocca - Remix,62,"['Lalo Ebratt', 'J Balvin', 'Trapical']",2018-10-05,https://i.scdn.co/image/ab67616d0000b2733b4732f9457637d886e3ce8a,https://open.spotify.com/track/1usoXi4f0BnMART4uActEA
762,Déjate Querer,66,"['Lalo Ebratt', 'Sebastian Yatra', 'Yera', 'Trapical Minds']",2019-02-28,https://i.scdn.co/image/ab67616d0000b2730826a6c22662e71295abec82,https://open.spotify.com/track/3mN2DtljBhnrIpc3Nu2pJ8
762,La Presión,67,"['Lalo Ebratt', 'Manuel Turizo']",2020-06-19,https://i.scdn.co/image/ab67616d0000b2730009b7f31eadf416aa749956,https://open.spotify.com/track/0LXk0yWcGfACtMKX0igobq
762,Despacio,65,"['Natti Natasha', 'Nicky Jam', 'Manuel Turizo', 'Myke Towers', 'DJ Luian', 'Mambo Kingz']",2020-02-17,https://i.scdn.co/image/ab67616d0000b27317c6ade47e331afafdc4b791,https://open.spotify.com/track/203uubEQA07to1kbro35qQ
762,Millennium,44,['Outkast'],1996-08-27,https://i.scdn.co/image/ab67616d0000b27384be563c5931d7ef35706148,https://open.spotify.com/track/50Fp9rUhDZvGJ4UUz4mTwp
762,Mainstream,44,['Outkast'],1996-08-27,https://i.scdn.co/image/ab67616d0000b27384be563c5931d7ef35706148,https://open.spotify.com/track/3lecA86POu0jRaFIubASoT
762,Wailin',43,['Outkast'],1996-08-27,https://i.scdn.co/image/ab67616d0000b27384be563c5931d7ef35706148,https://open.spotify.com/track/7nfGrjZf34FxqS0FWXM5B7
762,Ova Da Wudz,43,['Outkast'],1996-08-27,https://i.scdn.co/image/ab67616d0000b27384be563c5931d7ef35706148,https://open.spotify.com/track/1SrDDrw3ZMElLdnTjvWJOg
762,West Savannah,46,['Outkast'],1998-09-29,https://i.scdn.co/image/ab67616d0000b273377a6d2051b23afea65ee41a,https://open.spotify.com/track/5yTQ7Vy6EwKwB64Vho90LI
762,Da Art of Storytellin' (Pt. 2),46,['Outkast'],1998-09-29,https://i.scdn.co/image/ab67616d0000b273377a6d2051b23afea65ee41a,https://open.spotify.com/track/2vjgepbkQg5jH8ujrKEOin
762,Chonkyfire,44,['Outkast'],1998-09-29,https://i.scdn.co/image/ab67616d0000b273377a6d2051b23afea65ee41a,https://open.spotify.com/track/4mrR64jwacrmiZluhBelDB
762,Me Gusta - Remix,63,"['Natti Natasha', 'Farruko']",2019-05-01,https://i.scdn.co/image/ab67616d0000b2737487229b7ced5509d3376405,https://open.spotify.com/track/17G9G5tBsdzmKmoHIh00sX
762,Oh Daddy,59,['Natti Natasha'],2019-02-15,https://i.scdn.co/image/ab67616d0000b27355930dbf3ee3e3c904cf41ac,https://open.spotify.com/track/2jOhhdNkBc94SfAcrg5Z28
762,Andan Diciendo,56,"['Ventino', 'Lalo Ebratt', 'Yera']",2019-05-03,https://i.scdn.co/image/ab67616d0000b273ea6daae84960cce2651ac958,https://open.spotify.com/track/0wt2PeQ8AeBlx6WbgoM97r
762,Una Confusion,45,['LU'],2004-02-10,https://i.scdn.co/image/ab67616d0000b2734c43fbcf18d000bd2a33d065,https://open.spotify.com/track/5HSZXCBwRb5yq6UJDDhTWH
762,กระต่ายหมายจันทร์,35,['พิทักษ์'],2000-10-31,https://i.scdn.co/image/ab67616d0000b273fd6cee071afaf110622914e2,https://open.spotify.com/track/5z5GhrmEwBFl8izv6WNAmT
762,ห้องนอนคนจน,31,['สายัณห์ สัญญา'],2007,https://i.scdn.co/image/ab67616d0000b273545475a63902579b51e07ed4,https://open.spotify.com/track/6fbQCPvZSGHi3QubFHU4zO
762,Myintrotoletuknow,41,['Outkast'],1994-04-26,https://i.scdn.co/image/ab67616d0000b273aa769e35e297a20f214d0c64,https://open.spotify.com/track/6gEejYQZRMeMODb5rxwdK8
762,Growing Old,42,['Outkast'],1996-08-27,https://i.scdn.co/image/ab67616d0000b27384be563c5931d7ef35706148,https://open.spotify.com/track/5oKpqxuTm4kg8BRQwIBFzk
762,She Moves In Her Own Way,57,['The Kooks'],2006-01-01,https://i.scdn.co/image/ab67616d0000b2736e8b31b2e7cec192c603eece,https://open.spotify.com/track/2SGBEDwsOAOAHrrdAd304i
762,De Ayer a Hoy,36,"['Chaman', 'Charlie Hijos Bastardos']",2007-03-28,http://orig12.deviantart.net/846f/f/2015/245/9/b/new_spotify_icon_by_mattroxzworld-d98301o.png,https://open.spotify.com/
762,Sound Is Vibration,51,['Atmosphere'],1997-08-05,http://orig12.deviantart.net/846f/f/2015/245/9/b/new_spotify_icon_by_mattroxzworld-d98301o.png,https://open.spotify.com/
762,Me Gusta,62,['Natti Natasha'],2019-02-15,http://orig12.deviantart.net/846f/f/2015/245/9/b/new_spotify_icon_by_mattroxzworld-d98301o.png,https://open.spotify.com/
762,Scapegoat,44,['Atmosphere'],1997-08-05,http://orig12.deviantart.net/846f/f/2015/245/9/b/new_spotify_icon_by_mattroxzworld-d98301o.png,https://open.spotify.com/
762,One Of A Kind,38,['Atmosphere'],2002-06-11,http://orig12.deviantart.net/846f/f/2015/245/9/b/new_spotify_icon_by_mattroxzworld-d98301o.png,https://open.spotify.com/
762,Hey Ya!,55,['Outkast'],2006-10-30,http://orig12.deviantart.net/846f/f/2015/245/9/b/new_spotify_icon_by_mattroxzworld-d98301o.png,https://open.spotify.com/
762,Hey Ya!,66,['Outkast'],2003,http://orig12.deviantart.net/846f/f/2015/245/9/b/new_spotify_icon_by_mattroxzworld-d98301o.png,https://open.spotify.com/
762,The Best Day,56,['Atmosphere'],2010-09-07,http://orig12.deviantart.net/846f/f/2015/245/9/b/new_spotify_icon_by_mattroxzworld-d98301o.png,https://open.spotify.com/
762,Ms. Jackson - Radio Mix,49,['Outkast'],2000-10-17,http://orig12.deviantart.net/846f/f/2015/245/9/b/new_spotify_icon_by_mattroxzworld-d98301o.png,https://open.spotify.com/
762,Grocer Jack (Excerpt From A Teenage Opera),36,['Mark Wirtz'],1996,http://orig12.deviantart.net/846f/f/2015/245/9/b/new_spotify_icon_by_mattroxzworld-d98301o.png,https://open.spotify.com/
762,Yesterday,57,['Atmosphere'],2008-04-22,http://orig12.deviantart.net/846f/f/2015/245/9/b/new_spotify_icon_by_mattroxzworld-d98301o.png,https://open.spotify.com/
762,Trying To Find A Balance,53,['Atmosphere'],2003-09-23,http://orig12.deviantart.net/846f/f/2015/245/9/b/new_spotify_icon_by_mattroxzworld-d98301o.png,https://open.spotify.com/
763,Joyrider - Y Tribe's Underground Remix,42,"['Colour Girl', 'Y Tribe']",2016-01-29,https://i.scdn.co/image/b1fb7697a41e9a1190ac4b7c63e8749fb8ce82c5,https://open.spotify.com/track/01GLLCecGsPfuPmFHDqMCu
763,All The Time,73,"['Jeremih', 'Lil Wayne', 'Natasha Mosley']",2013-01-01,https://i.scdn.co/image/ab67616d0000b2735697952b2de8c7c2ee942153,https://open.spotify.com/track/0USZx50eApN045zIIyjePN
763,Planez,73,"['Jeremih', 'J. Cole']",2015-12-04,https://i.scdn.co/image/ab67616d0000b273262c8e955ad5c60b1d0abf53,https://open.spotify.com/track/08zJpaUQVi9FrKv2e32Bah
763,Love Don't Change,70,['Jeremih'],2010-01-01,https://i.scdn.co/image/ab67616d0000b273ee6271e9d8488289b6a4aa63,https://open.spotify.com/track/6PmjWl0phNxc0R5OwkDdiZ
763,Remember Me,58,['Jeremih'],2015-12-04,https://i.scdn.co/image/ab67616d0000b273262c8e955ad5c60b1d0abf53,https://open.spotify.com/track/2fUazQuDcmHbKYfPoXWpZU
763,Sabali,57,['Amadou & Mariam'],2008-11-17,https://i.scdn.co/image/ab67616d0000b2730bbd2528d42df9482311c521,https://open.spotify.com/track/0jHZ5yXOZNKvtwPGSgL0gX
763,Часики,45,['Valeriya'],2002,https://i.scdn.co/image/ab67616d0000b273b138e1ff78787c2785137750,https://open.spotify.com/track/6plfiT0DKXvPmCfjcF5lIX
763,Gjenovese,56,"['Mad Clip', 'Strat', 'BeTaf Beats', 'Rack']",2021-03-26,https://i.scdn.co/image/ab67616d0000b2736971709b333445fb6eb4a9b1,https://open.spotify.com/track/3Ip0y9quoAD4VdUkcdHWSz
763,2 Ores,54,"['Mad Clip', 'Strat', 'BeTaf Beats']",2021-03-26,https://i.scdn.co/image/ab67616d0000b2736971709b333445fb6eb4a9b1,https://open.spotify.com/track/6tserlpy6hsTnLPImpw9Di
763,Millenium Stringz - Radio Edit,40,['Kay Cee'],2003-07-25,https://i.scdn.co/image/ab67616d0000b273e11a859d4b35659102c4e364,https://open.spotify.com/track/5Mxk3S3keHcwZoZpN9xdhk
763,Alone At Last,35,['Trinere'],1992-09-14,https://i.scdn.co/image/ab67616d0000b273990b0f163a98c0f32fbf72c0,https://open.spotify.com/track/6MvmlWcY42I1Xlem2SMAtW
763,Love Stimulation - Trance Club Mix,33,['Kay Cee'],1998-02-27,https://i.scdn.co/image/ab67616d0000b2735c838089e3fe037c1e030200,https://open.spotify.com/track/4LeGqPxQgrkL1hya7nIm7a
763,Tonight Belongs To U!,51,"['Jeremih', 'Flo Rida']",2015-04-21,https://i.scdn.co/image/ab67616d0000b2739fefdd6b870011daa7f958e1,https://open.spotify.com/track/6duMPgTahOTUu2zMMqcpQM
763,This Time I Know It's For Real,42,['Young Divas'],2006-11-14,https://i.scdn.co/image/ab67616d0000b2736b39fff29de478c2a2e8b189,https://open.spotify.com/track/3pTYRUFEzU21WMpqsULLwU
763,Zabiorę brata,40,['Zespół Dziecięcy Fasolki'],2014-08-09,https://i.scdn.co/image/ab67616d0000b273d9e7aeac7bb6806fee568fdc,https://open.spotify.com/track/0j1GK8NnrzOqmzQSat1Orh
763,Mydło lubi zabawę,43,['Zespół Dziecięcy Fasolki'],2015-04-13,https://i.scdn.co/image/ab67616d0000b27369562f6bd26189dcd7ab4d32,https://open.spotify.com/track/53PgIopWZJQj9q19uwMN0e
763,Myj zęby,41,['Zespół Dziecięcy Fasolki'],2015-04-13,https://i.scdn.co/image/ab67616d0000b27369562f6bd26189dcd7ab4d32,https://open.spotify.com/track/3dqo9ofMB1KFwjOn8R4f2j
763,They're Playing Our Song,41,['Trinere'],1990-11-25,http://orig12.deviantart.net/846f/f/2015/245/9/b/new_spotify_icon_by_mattroxzworld-d98301o.png,https://open.spotify.com/
763,Patin Papukaija -Wamos A La Playa-,35,['Smurffit'],1999-01-01,http://orig12.deviantart.net/846f/f/2015/245/9/b/new_spotify_icon_by_mattroxzworld-d98301o.png,https://open.spotify.com/
763,Jeep,57,['Julia Rocka'],2020-07-24,http://orig12.deviantart.net/846f/f/2015/245/9/b/new_spotify_icon_by_mattroxzworld-d98301o.png,https://open.spotify.com/
763,重感情的廢物,49,['Trash'],2019-07-30,http://orig12.deviantart.net/846f/f/2015/245/9/b/new_spotify_icon_by_mattroxzworld-d98301o.png,https://open.spotify.com/
763,Dealer,39,"['Mad Clip', 'Light']",2017-04-26,http://orig12.deviantart.net/846f/f/2015/245/9/b/new_spotify_icon_by_mattroxzworld-d98301o.png,https://open.spotify.com/
763,Isabel,43,['Il Divo'],2005-10-31,http://orig12.deviantart.net/846f/f/2015/245/9/b/new_spotify_icon_by_mattroxzworld-d98301o.png,https://open.spotify.com/
763,Smurffi Saunoo - Poika Saunoo,32,['Smurffit'],2011-01-01,http://orig12.deviantart.net/846f/f/2015/245/9/b/new_spotify_icon_by_mattroxzworld-d98301o.png,https://open.spotify.com/
763,Regresa a Mí,57,['Il Divo'],2004-10-25,http://orig12.deviantart.net/846f/f/2015/245/9/b/new_spotify_icon_by_mattroxzworld-d98301o.png,https://open.spotify.com/
763,Birthday Sex,31,['Jeremih'],2009-01-01,http://orig12.deviantart.net/846f/f/2015/245/9/b/new_spotify_icon_by_mattroxzworld-d98301o.png,https://open.spotify.com/
763,Hasta mi final,58,['Il Divo'],2005,http://orig12.deviantart.net/846f/f/2015/245/9/b/new_spotify_icon_by_mattroxzworld-d98301o.png,https://open.spotify.com/
763,All The Time,52,"['Jeremih', 'Lil Wayne', 'Natasha Mosley']",2016-09-30,http://orig12.deviantart.net/846f/f/2015/245/9/b/new_spotify_icon_by_mattroxzworld-d98301o.png,https://open.spotify.com/
764,Shake Me,57,['Cinderella'],1986,https://i.scdn.co/image/ab67616d0000b2738e591199defaa8a0fcfca286,https://open.spotify.com/track/1Qjpl8Kav6rrO92ZuG0OK8
764,Somebody Save Me,52,['Cinderella'],1986,https://i.scdn.co/image/ab67616d0000b2738e591199defaa8a0fcfca286,https://open.spotify.com/track/3fjiaIx6KFssAz3C8TaUec
764,Night Songs,45,['Cinderella'],1986,https://i.scdn.co/image/ab67616d0000b2738e591199defaa8a0fcfca286,https://open.spotify.com/track/0hbWDY0Rvl5kcTvSNsilUA
764,Don't Know What You Got (Till It's Gone),63,['Cinderella'],1988,https://i.scdn.co/image/ab67616d0000b273f6c21a13a1fff5174fe35ed1,https://open.spotify.com/track/5QRs63VVKNaqUjg6XSSckM
764,Gypsy Road,60,['Cinderella'],1988,https://i.scdn.co/image/ab67616d0000b273f6c21a13a1fff5174fe35ed1,https://open.spotify.com/track/2F8Glc7r4mHHSCEegD4Ju1
764,Coming Home,54,['Cinderella'],1988,https://i.scdn.co/image/ab67616d0000b273f6c21a13a1fff5174fe35ed1,https://open.spotify.com/track/5EicljVZKVOo2LZHREtWmQ
764,Bad Seamstress Blues / Fallin' Apart At The Seams,49,['Cinderella'],1988,https://i.scdn.co/image/ab67616d0000b273f6c21a13a1fff5174fe35ed1,https://open.spotify.com/track/1tTXWqYA0DPxhEGURogUA5
764,The Last Mile,42,['Cinderella'],1988,https://i.scdn.co/image/ab67616d0000b273f6c21a13a1fff5174fe35ed1,https://open.spotify.com/track/4wKTPZe1AgKNPObJ357dZK
764,Heaven,62,['Warrant'],1989,https://i.scdn.co/image/ab67616d0000b2737b3295756d991b0329acf882,https://open.spotify.com/track/2dEgwtRjYl6TJkIwjRwn6z
764,Sometimes She Cries,52,['Warrant'],1989,https://i.scdn.co/image/ab67616d0000b2737b3295756d991b0329acf882,https://open.spotify.com/track/0m5RdyFFcOKhut3sGkeWHG
764,Dirty Cash (Money Talks) - Sold Out 7 Inch Mix,49,['The Adventures Of Stevie V'],1989-12-01,https://i.scdn.co/image/ab67616d0000b2735893643e11d44e3ef569479c,https://open.spotify.com/track/3lcUQs5nyrjoHpQR9Vo2aA
764,Down Boys,49,['Warrant'],1989,https://i.scdn.co/image/ab67616d0000b2737b3295756d991b0329acf882,https://open.spotify.com/track/0dw3dXWx6dgp7Ri3HeDBUq
764,Heartbreak Station,54,['Cinderella'],1990-01-01,https://i.scdn.co/image/ab67616d0000b2730f2f5f3007dd8bf5884f8839,https://open.spotify.com/track/71cWHhV018hztNkCC45Ayo
764,Uncle Tom's Cabin,51,['Warrant'],1990-05-01,https://i.scdn.co/image/ab67616d0000b273a686407704920528824c395a,https://open.spotify.com/track/01EE19A34FoehGnVosOFes
764,Shelter Me,49,['Cinderella'],1990-01-01,https://i.scdn.co/image/ab67616d0000b2730f2f5f3007dd8bf5884f8839,https://open.spotify.com/track/4RTV6bpggP3qZeDfPThJms
764,Blind Faith,42,['Warrant'],1990-05-01,https://i.scdn.co/image/ab67616d0000b273a686407704920528824c395a,https://open.spotify.com/track/7Fmv4QiyAdMroX61cOPaGn
764,Beni Benimle Bırak,31,['Nükhet Duru'],1976-11-01,https://i.scdn.co/image/ab67616d0000b27394947301266d8e18a420cc92,https://open.spotify.com/track/5B8r2iGMsMT7SLRdRZT4Nl
764,Long Cold Winter,39,['Cinderella'],1988,https://i.scdn.co/image/ab67616d0000b273f6c21a13a1fff5174fe35ed1,https://open.spotify.com/track/6rsmUTZe2G14DPkjAhL7HK
764,Ben Sana Vurgunum,35,['Nükhet Duru'],1978-06-02,https://i.scdn.co/image/ab67616d0000b273343e1979c0abeae88d292641,https://open.spotify.com/track/4lH378GgE8fqNcUHSNyl6h
764,恋人,43,['Masayuki Suzuki'],1993,https://i.scdn.co/image/ab67616d0000b2734c967b960f3d3ed43a6584ad,https://open.spotify.com/track/5IS30nsL1vF4vYfb7xCnKJ
764,Once Around The Ride,33,['Cinderella'],1986,https://i.scdn.co/image/ab67616d0000b2738e591199defaa8a0fcfca286,https://open.spotify.com/track/4b5ZbbDhCAcAZy1caSJemj
764,Big Talk,38,['Warrant'],1989,https://i.scdn.co/image/ab67616d0000b2737b3295756d991b0329acf882,https://open.spotify.com/track/5QwzwrBOj8ZcYFlm6splOa
764,The More Things Change,38,['Cinderella'],1990-01-01,https://i.scdn.co/image/ab67616d0000b2730f2f5f3007dd8bf5884f8839,https://open.spotify.com/track/0XxxH4ljmzTskD0xtBzJy4
764,Hace Calor (Cuando Sale el Sol) - Radio Edit,46,"['EME BE', 'Fran Leuna']",2013,https://i.scdn.co/image/ab67616d0000b2731c1ebb12b56d84f19e83df3e,https://open.spotify.com/track/3mYA2gw2fn820cIyDTHCq9
764,Dead Man's Road,34,['Cinderella'],1990-01-01,https://i.scdn.co/image/ab67616d0000b2730f2f5f3007dd8bf5884f8839,https://open.spotify.com/track/3TNiHJztyXXeOTNGE2cm1b
764,Começando Aqui,38,['Arautos Do Rei'],1995,https://i.scdn.co/image/ab67616d0000b27382c39a1c2f91e8840f2e48db,https://open.spotify.com/track/6JONYF7OhKCxXzHuy9aHSH
764,Fight Kulüp 2,61,"['Killa Hakan', 'Massaka', 'Summer Cem', 'Contra', 'Khontkar', 'Anıl Piyancı', 'Ceza']",2020-10-23,https://i.scdn.co/image/ab67616d0000b2738a40e989d68ffe1055bc42d8,https://open.spotify.com/track/5GicfAM9t20Wo8UIA2IkVt
764,Début,54,['Mélanie Laurent'],2011-05-02,https://i.scdn.co/image/ab67616d0000b273973b2f526ee2289f4144c24c,https://open.spotify.com/track/6YS1MXqso0zlmcL4OV1kXk
764,"Por Que, Ó Pai?",32,['Arautos Do Rei'],2002,https://i.scdn.co/image/ab67616d0000b27381703c56a78c3705cb0c610c,https://open.spotify.com/track/0t78m9fuGuITxQp7nzz4v8
764,Sumayaw Ka,41,['Gloc 9'],2007-03-16,https://i.scdn.co/image/ab67616d0000b273b2aaaa661ad16982971b8de4,https://open.spotify.com/track/3pfXzXbRJNXOT7f2IQ1s2p
764,Lapis At Papel,36,['Gloc 9'],2007-03-16,https://i.scdn.co/image/ab67616d0000b273b2aaaa661ad16982971b8de4,https://open.spotify.com/track/4RkUx7wJWD17fZ7PXrPBCM
764,Tsinelas Sa Putikan,37,"['Gloc 9', 'Marc Abaya']",2014-11-10,https://i.scdn.co/image/ab67616d0000b273c4aedbe91256d8d22ccd2e21,https://open.spotify.com/track/7nLqkwlFD6oJOmSrMSOX5R
764,違う、そうじゃない,38,['Masayuki Suzuki'],1994,http://orig12.deviantart.net/846f/f/2015/245/9/b/new_spotify_icon_by_mattroxzworld-d98301o.png,https://open.spotify.com/
764,Be My Lady,41,['Sandy Canester'],2005,http://orig12.deviantart.net/846f/f/2015/245/9/b/new_spotify_icon_by_mattroxzworld-d98301o.png,https://open.spotify.com/
764,もう涙はいらない - Sentimental Version,40,['Masayuki Suzuki'],1992,http://orig12.deviantart.net/846f/f/2015/245/9/b/new_spotify_icon_by_mattroxzworld-d98301o.png,https://open.spotify.com/
764,Seninle,38,['Nükhet Duru'],2007,http://orig12.deviantart.net/846f/f/2015/245/9/b/new_spotify_icon_by_mattroxzworld-d98301o.png,https://open.spotify.com/
764,Push Push,36,['Cinderella'],1986,http://orig12.deviantart.net/846f/f/2015/245/9/b/new_spotify_icon_by_mattroxzworld-d98301o.png,https://open.spotify.com/
764,Début,53,['Mélanie Laurent'],2011-05-02,http://orig12.deviantart.net/846f/f/2015/245/9/b/new_spotify_icon_by_mattroxzworld-d98301o.png,https://open.spotify.com/
764,まもりたい~magic of a touch~ - Album Ver.,37,['Chris Hart'],2014-03-19,http://orig12.deviantart.net/846f/f/2015/245/9/b/new_spotify_icon_by_mattroxzworld-d98301o.png,https://open.spotify.com/
764,Let It Rain,38,['Warrant'],1992-08-24,http://orig12.deviantart.net/846f/f/2015/245/9/b/new_spotify_icon_by_mattroxzworld-d98301o.png,https://open.spotify.com/
764,Uncle Tom's Cabin,53,['Warrant'],1990-10-14,http://orig12.deviantart.net/846f/f/2015/245/9/b/new_spotify_icon_by_mattroxzworld-d98301o.png,https://open.spotify.com/
764,渋谷で5時,40,['Masayuki Suzuki'],1993,http://orig12.deviantart.net/846f/f/2015/245/9/b/new_spotify_icon_by_mattroxzworld-d98301o.png,https://open.spotify.com/
764,糸,43,['Chris Hart'],2014-06-25,http://orig12.deviantart.net/846f/f/2015/245/9/b/new_spotify_icon_by_mattroxzworld-d98301o.png,https://open.spotify.com/
764,Mi Muñeca,45,"['EME BE', 'Fran Leuna', 'Henry Rou']",2014,http://orig12.deviantart.net/846f/f/2015/245/9/b/new_spotify_icon_by_mattroxzworld-d98301o.png,https://open.spotify.com/
764,Yaralım,52,"['Nükhet Duru', 'Sıla']",2020-02-14,http://orig12.deviantart.net/846f/f/2015/245/9/b/new_spotify_icon_by_mattroxzworld-d98301o.png,https://open.spotify.com/
764,Fight Kulüp,51,"['Killa Hakan', 'Ceza', 'Ezhel', 'Ben Fero']",2019-08-02,http://orig12.deviantart.net/846f/f/2015/245/9/b/new_spotify_icon_by_mattroxzworld-d98301o.png,https://open.spotify.com/
765,Bring It To Jerome,31,['Bo Diddley'],1958-01-01,https://i.scdn.co/image/ab67616d0000b273dcd1d02a2b91f0842ad105ed,https://open.spotify.com/track/3Zk3XIMPgNkz2CwxaW3EPd
765,Goin' Down Slow,35,"['Bo Diddley', 'Muddy Waters', ""Howlin' Wolf""]",1968-01-28,https://i.scdn.co/image/ab67616d0000b2738db072dbed551ba562663706,https://open.spotify.com/track/2DonFSnhEr0WQcuHcHb5ti
765,Samanyolu,43,['Berkant'],1977,https://i.scdn.co/image/ab67616d0000b273ef1e4fa95895d3d6bf379292,https://open.spotify.com/track/06A1dT4mvCNONx9jeMs7KU
765,Suspect Device,49,['Stiff Little Fingers'],1979,https://i.scdn.co/image/ab67616d0000b273466cbdbfa0f61e469beca2a1,https://open.spotify.com/track/7Ig7b1MJJKbNyTxLU6u9rZ
765,Gotta Gettaway,39,['Stiff Little Fingers'],1980,https://i.scdn.co/image/ab67616d0000b273d081134a1d1980f43e68972d,https://open.spotify.com/track/5547Pj9VfbPFpcsBUtgzLI
765,Tin Soldiers,34,['Stiff Little Fingers'],1980,https://i.scdn.co/image/ab67616d0000b273d081134a1d1980f43e68972d,https://open.spotify.com/track/1fJD4B4rvZw8ELa64zxAkJ
765,Barbed Wire Love,36,['Stiff Little Fingers'],1979,https://i.scdn.co/image/ab67616d0000b273466cbdbfa0f61e469beca2a1,https://open.spotify.com/track/5vWYEFE5oC9mFrpufdNqb8
765,¿Qué Ha Pasao'?,65,"['Abraham Mateo', 'Sofía Reyes']",2019-10-01,https://i.scdn.co/image/ab67616d0000b2731a61786e39540bd02664b8e1,https://open.spotify.com/track/2zkVH2daHyjS51g7PRJFDn
765,Soldier of Fortune,33,['LOUDNESS'],1989,https://i.scdn.co/image/ab67616d0000b273081c0b9f736a165fc1f5470c,https://open.spotify.com/track/6WkCJYM3wtIOZvskzHWYnt
765,Womb Sound - Loopable with no fade,59,"['Erik Eriksson', 'White Noise Baby Sleep', 'White Noise for Babies']",2017-01-08,https://i.scdn.co/image/ab67616d0000b273a9c080fdc40e78a4b81e0520,https://open.spotify.com/track/1S6FEwVzb6rRQkmWkE7Lga
765,Nobody's Hero,33,['Stiff Little Fingers'],1980,https://i.scdn.co/image/ab67616d0000b273d081134a1d1980f43e68972d,https://open.spotify.com/track/4eINHXTvlVl4J27mFtc3UK
765,Roots Radicals Rockers And Reggae,31,['Stiff Little Fingers'],1981,https://i.scdn.co/image/ab67616d0000b273eb8ab1b3ae65f7ebfcfed872,https://open.spotify.com/track/645ullG12GuGjdb6Sgx6QT
765,Loucuras de uma paixão - Ao vivo,45,['Jorge Aragão'],1999-10-15,https://i.scdn.co/image/ab67616d0000b273a8581a6d1cb1f20e02070125,https://open.spotify.com/track/6D0G3ssorLK8xodMwRgtWQ
765,Korkma,45,['Gazapizm'],2014-10-13,https://i.scdn.co/image/ab67616d0000b27339367660107b68d2a587efc7,https://open.spotify.com/track/0DUIHj5PhhSU3vygE8CMWA
765,Bağır,40,['Gazapizm'],2016-02-25,https://i.scdn.co/image/ab67616d0000b273840b918e7f82a6a280ab02dc,https://open.spotify.com/track/6OxO81cHd7vwaOpaWmxJcp
765,Unutulacak Dünler,71,['Gazapizm'],2020-02-13,https://i.scdn.co/image/ab67616d0000b2739bb3466efc5b946eb500137f,https://open.spotify.com/track/3aXTeIVnDvo2MT1xLTdGK3
765,Colcha de algodão - Ao vivo,36,['Jorge Aragão'],1999-10-15,https://i.scdn.co/image/ab67616d0000b273a8581a6d1cb1f20e02070125,https://open.spotify.com/track/0Q8LxGTnTiAM5uVd5SQewC
765,Take It Off,52,['The Donnas'],2003-04-01,https://i.scdn.co/image/ab67616d0000b273186a8cd23e90a03c092d308e,https://open.spotify.com/track/6QyBIZEvs11K9lKjyLYtv6
765,Con mis manos,42,['Bebe'],2004,http://orig12.deviantart.net/846f/f/2015/245/9/b/new_spotify_icon_by_mattroxzworld-d98301o.png,https://open.spotify.com/
765,FAke smiles,40,['Juicy Carrot'],2016-05-20,http://orig12.deviantart.net/846f/f/2015/245/9/b/new_spotify_icon_by_mattroxzworld-d98301o.png,https://open.spotify.com/
765,Viziyil Vizhundu - Alaigal Oyvatillai / Soundtrack Version,31,"['Sasi Rekha', 'Ilaiyaraaja']",1981-01-01,http://orig12.deviantart.net/846f/f/2015/245/9/b/new_spotify_icon_by_mattroxzworld-d98301o.png,https://open.spotify.com/
765,Квiти в волоссi,37,['Boombox'],2006,http://orig12.deviantart.net/846f/f/2015/245/9/b/new_spotify_icon_by_mattroxzworld-d98301o.png,https://open.spotify.com/
766,Mary Lou,33,['Ronnie Hawkins'],1959,https://i.scdn.co/image/ab67616d0000b273e8a69d6420bce0ed8a8fa918,https://open.spotify.com/track/5Q8dzjRMYIKKtZrWKnWtHY
766,Bure Bure and Boro Boro,32,['Robert Uhlmarash'],1963-12-01,https://i.scdn.co/image/ab67616d0000b273640dfe47de13c26ccc41e8ab,https://open.spotify.com/track/5gpcxwkwGqSwPxOhhR52vp
766,Suavecito,52,['Malo'],1972-01,https://i.scdn.co/image/ab67616d0000b273979c17f048e055ef56f3d8c2,https://open.spotify.com/track/5QoFWpXoaUyT44VmR98wLl
766,Nena,36,['Malo'],1972-01,https://i.scdn.co/image/ab67616d0000b273979c17f048e055ef56f3d8c2,https://open.spotify.com/track/5HkvsZyaMPwhq38v0o8kAf
766,Construcción,40,['Daniel Viglietti'],1974-12-22,https://i.scdn.co/image/ab67616d0000b273de3f01992d59a53863922626,https://open.spotify.com/track/5kbedpanRFXUYtKkGmvdin
766,Into The Valley,46,['Skids'],1979-01-01,https://i.scdn.co/image/ab67616d0000b2739cd2b54937d67e6597426047,https://open.spotify.com/track/2QSD3K3b3BJ8DPhGhQfDPW
766,I Got My Mind Made Up (You Can Get It Girl),46,['Instant Funk'],1979,https://i.scdn.co/image/ab67616d0000b273e0b743ea359086db9a356d78,https://open.spotify.com/track/3NVeGIbKHnLYeQlBTZHSZX
766,The Saints Are Coming,40,['Skids'],1979-01-01,https://i.scdn.co/image/ab67616d0000b2739cd2b54937d67e6597426047,https://open.spotify.com/track/60UJqxsc6OEPW5av8nm76Z
766,Be OK,58,['Ingrid Michaelson'],2008-10-14,https://i.scdn.co/image/ab67616d0000b2732f9b47bdc2b1c7cae7b014af,https://open.spotify.com/track/4I8Nhe8qN9xgR8tosYQ5ut
766,Oração,60,['A Banda Mais Bonita da Cidade'],2011-11-01,https://i.scdn.co/image/ab67616d0000b27393249f1418d0245dddd3a6a4,https://open.spotify.com/track/0YBq701BXkMaK6V5UyvOpT
766,Prom Queen,77,['Beach Bunny'],2018-08-10,https://i.scdn.co/image/ab67616d0000b2730ec9ae111708f4b8be932d8b,https://open.spotify.com/track/6MpCaSIOfqBqbMED4kXgNY
766,Keep Breathing,57,['Ingrid Michaelson'],2008-10-14,https://i.scdn.co/image/ab67616d0000b2732f9b47bdc2b1c7cae7b014af,https://open.spotify.com/track/3wpZTp7HM8Dv25oExNgCC6
766,Die Hesse komme!,35,['Rodgau Monotones'],1984,https://i.scdn.co/image/ab67616d0000b27307cf6edff626f2e7b67b7206,https://open.spotify.com/track/5M2LTY0rM8RmLuP0OVwsu1
766,Lo Busqué,46,['Jean Carlos Centeno'],2006-07-25,https://i.scdn.co/image/ab67616d0000b273dbfa3427005d7ebc1271cf43,https://open.spotify.com/track/0kUMc8s2EwaOg0XAv5lCnA
766,Me Ilusione - En Vivo Version,38,['Jean Carlos Centeno'],2008-04-23,https://i.scdn.co/image/ab67616d0000b2735c1e2f5e37d864e5a6f6a628,https://open.spotify.com/track/75PzNT5DHBJC6fVliYwp3R
766,Song of Ocarina,40,['Ocarina'],1991,https://i.scdn.co/image/ab67616d0000b273f0260cf0a99874355cb22ced,https://open.spotify.com/track/38gKZUEFVY8BPEmwbbc4CF
766,De Donde Amor,36,['Jean Carlos Centeno'],2006-07-25,https://i.scdn.co/image/ab67616d0000b273dbfa3427005d7ebc1271cf43,https://open.spotify.com/track/7GpFMV5za8RTBMFEDGsnLT
766,To the Sea - Radio Version,38,['ForesTT'],2017-12-15,https://i.scdn.co/image/ab67616d0000b273ff2ce4cc7673c01aac32158e,https://open.spotify.com/track/1pT33tRKZepsmpqOJmQjg6
766,Moans,37,['Parade Ground'],1988-01-01,https://i.scdn.co/image/ab67616d0000b273e552acf96c5a2d8e1e5467ac,https://open.spotify.com/track/74XlGGWMh5Gv9D3eBBQSLA
766,Superior Race,34,['Dopplereffekt'],1999,https://i.scdn.co/image/ab67616d0000b2731ff295d6c7ab69b8f9ed35d0,https://open.spotify.com/track/4I7ocWqAIdrn7zpNUBoP3P
766,Ya Odna - Dance Edit,49,"['Blue Affair', 'Sasha Dith', 'Carlprit']",2012-02-03,https://i.scdn.co/image/ab67616d0000b2736df9488924b3cafc73e0635e,https://open.spotify.com/track/7COFsLgWjzeVSwbuAQqK9t
766,Lucinda,34,['A Certain Ratio'],1982,https://i.scdn.co/image/ab67616d0000b2733e6f396897d0bdd764510c4b,https://open.spotify.com/track/7km2akG0G3Z5STqoKrHZPf
766,Ocean Stone,38,"[""Chris O'Brien""]",2007-01-01,https://i.scdn.co/image/ab67616d0000b27326842f28df153397d317a2bd,https://open.spotify.com/track/7q0Wc4fuSeNNHWCmoRg90M
766,A-Ba-Ni-Bi,42,['El Chaval De La Peca'],1998-08-10,https://i.scdn.co/image/ab67616d0000b27334933e82a6030a956329ff4d,https://open.spotify.com/track/5p6XlfhEp2EyjRkwSca8MK
766,What's the Pressure,43,['Laura Tesoro'],2016-04-15,https://i.scdn.co/image/ab67616d0000b273f3f447eb979b14f08cc377a6,https://open.spotify.com/track/4d3fHHVvWpwrKK727XE3b1
766,Press Pause,42,['Laura Tesoro'],2019-10-25,https://i.scdn.co/image/ab67616d0000b273f14063ad6a940fa847feaea3,https://open.spotify.com/track/0l6PuQb2FZY8CrGWkz7R5z
766,Tente Lembrar,31,['Sérgio Lopes'],1996-03-03,https://i.scdn.co/image/ab67616d0000b2737026b6d71617cb7d07dfd541,https://open.spotify.com/track/2n4kHDiB1JF7JKucWKwK4v
766,Tô de Saco Cheio (Lá em Casa Continuam os Mesmos Problemas),36,['Garotos De Rua'],1999-03-05,https://i.scdn.co/image/ab67616d0000b273cffe5d763b57e64c786e096d,https://open.spotify.com/track/74zHyCzEiDFGymEXxcD584
766,Meu Coração Não Suporta Mais,34,['Garotos De Rua'],1999-03-05,https://i.scdn.co/image/ab67616d0000b273cffe5d763b57e64c786e096d,https://open.spotify.com/track/0nPCpxIiXxkMcVN8QhYDcH
766,Eu Já Sei,31,['Garotos De Rua'],1999-03-05,https://i.scdn.co/image/ab67616d0000b273cffe5d763b57e64c786e096d,https://open.spotify.com/track/2KQF7jHorfH9VrnAzxjWCf
766,Going Back Home,31,['Pigram Brothers'],1997,https://i.scdn.co/image/ab67616d0000b2732239c6f387b4283c1c020b7e,https://open.spotify.com/track/0BYJMQxOW0zAknRecNxcl3
766,Light Me Up,61,['Ingrid Michaelson'],2016-08-26,https://i.scdn.co/image/ab67616d0000b273d35eb81a2577dbdde12dd985,https://open.spotify.com/track/0Zf1BPkkFAWGtVHeBwHHz4
766,Ayer y Hoy - En Vivo,41,"['Jean Carlos Centeno', 'Ronal Urbina']",2016-02-26,http://orig12.deviantart.net/846f/f/2015/245/9/b/new_spotify_icon_by_mattroxzworld-d98301o.png,https://open.spotify.com/
766,Soñar Contigo,65,['Charlie Rodd'],2020-06-12,http://orig12.deviantart.net/846f/f/2015/245/9/b/new_spotify_icon_by_mattroxzworld-d98301o.png,https://open.spotify.com/
766,Lucinda,37,['A Certain Ratio'],1982-01-01,http://orig12.deviantart.net/846f/f/2015/245/9/b/new_spotify_icon_by_mattroxzworld-d98301o.png,https://open.spotify.com/
766,Libre,41,['El Chaval De La Peca'],1998-08-10,http://orig12.deviantart.net/846f/f/2015/245/9/b/new_spotify_icon_by_mattroxzworld-d98301o.png,https://open.spotify.com/
766,"Der kleine Prinz (Ein Engel, der Sehnsucht heißt)",31,['Bernd Clüver'],1994-05-16,http://orig12.deviantart.net/846f/f/2015/245/9/b/new_spotify_icon_by_mattroxzworld-d98301o.png,https://open.spotify.com/
766,The Way I Am,57,['Ingrid Michaelson'],2007-05-16,http://orig12.deviantart.net/846f/f/2015/245/9/b/new_spotify_icon_by_mattroxzworld-d98301o.png,https://open.spotify.com/
766,Der Junge mit der Mundharmonika - '94er Version,45,['Bernd Clüver'],1994-02-12,http://orig12.deviantart.net/846f/f/2015/245/9/b/new_spotify_icon_by_mattroxzworld-d98301o.png,https://open.spotify.com/
766,Van de Wijk,53,['Nass'],2020-06-26,http://orig12.deviantart.net/846f/f/2015/245/9/b/new_spotify_icon_by_mattroxzworld-d98301o.png,https://open.spotify.com/
766,The Way I Am,60,['Ingrid Michaelson'],2007-01-01,http://orig12.deviantart.net/846f/f/2015/245/9/b/new_spotify_icon_by_mattroxzworld-d98301o.png,https://open.spotify.com/
766,Cafe,31,['Malo'],1972-01,http://orig12.deviantart.net/846f/f/2015/245/9/b/new_spotify_icon_by_mattroxzworld-d98301o.png,https://open.spotify.com/
766,Wenn ich Dich dann in die Arme nehm',32,['Bernd Clüver'],1996-02-12,http://orig12.deviantart.net/846f/f/2015/245/9/b/new_spotify_icon_by_mattroxzworld-d98301o.png,https://open.spotify.com/
766,Sakın Ha,39,['Naside Göktürk'],2001-01-31,http://orig12.deviantart.net/846f/f/2015/245/9/b/new_spotify_icon_by_mattroxzworld-d98301o.png,https://open.spotify.com/
766,Ya Odna - Radio Edit,45,"['Blue Affair', 'Sasha Dith', 'Carlprit']",2012-02-03,http://orig12.deviantart.net/846f/f/2015/245/9/b/new_spotify_icon_by_mattroxzworld-d98301o.png,https://open.spotify.com/
766,You And I,67,['Ingrid Michaelson'],2008-10-14,http://orig12.deviantart.net/846f/f/2015/245/9/b/new_spotify_icon_by_mattroxzworld-d98301o.png,https://open.spotify.com/
767,Nunca Pense Llorar,54,['Rossy War y Su Banda Kaliente'],1996-11-25,https://i.scdn.co/image/ab67616d0000b273ca96794662ab6bc9a6f0f095,https://open.spotify.com/track/3oXF0sRycbyJUDRd5BqTUw
767,She Will Be Loved - Radio Mix,80,['Maroon 5'],2002,https://i.scdn.co/image/ab67616d0000b27392f2d790c6a97b195f66d51e,https://open.spotify.com/track/4llK75pXNWZz6KAho2Gp16
767,Sugar,82,['Maroon 5'],2014-09-02,https://i.scdn.co/image/ab67616d0000b273442b53773d50e1b5369bb16c,https://open.spotify.com/track/2iuZJX9X9P0GKaE93xcPjk
767,Maps,81,['Maroon 5'],2014-09-02,https://i.scdn.co/image/ab67616d0000b273442b53773d50e1b5369bb16c,https://open.spotify.com/track/4gbVRS8gloEluzf0GzDOFc
767,Guarumo,33,['Señor Loop'],2013-02-28,https://i.scdn.co/image/ab67616d0000b2732563dc3fde7f05bb67109fd5,https://open.spotify.com/track/4MxerEFiKdSWXPiUHVHqgc
767,Feelings,60,['Maroon 5'],2014-09-02,https://i.scdn.co/image/ab67616d0000b273442b53773d50e1b5369bb16c,https://open.spotify.com/track/2dyyOwe0KxTZTJjjXDeLmU
767,This Summer,59,['Maroon 5'],2014-09-02,https://i.scdn.co/image/ab67616d0000b273442b53773d50e1b5369bb16c,https://open.spotify.com/track/5uVji14OWpj9HMKLXdhjAv
767,Que Te Perdone Dios,43,['Rossy War y Su Banda Kaliente'],1996-11-25,https://i.scdn.co/image/ab67616d0000b273ca96794662ab6bc9a6f0f095,https://open.spotify.com/track/52QzAaeCMdC3KG9WImRtl7
767,Mujer Solitaria,35,['Rossy War y Su Banda Kaliente'],1996-11-25,https://i.scdn.co/image/ab67616d0000b273ca96794662ab6bc9a6f0f095,https://open.spotify.com/track/0rmhyroktd6aPvpzKJlsqK
767,Amor Prohibido,39,['Rossy War y Su Banda Kaliente'],1997-11-25,https://i.scdn.co/image/ab67616d0000b2736e2d148803b2369398f50a51,https://open.spotify.com/track/7Gd5pDNf4R4JTtUsdyeGXY
767,Me Engañaste,38,['Rossy War y Su Banda Kaliente'],1998-11-27,https://i.scdn.co/image/ab67616d0000b27317706781176a03f11802663e,https://open.spotify.com/track/6pRhAN5Pm2ZEeRLy6wRFdT
767,No Lo Vuelvas a Querer,37,['Rossy War y Su Banda Kaliente'],1999-11-29,https://i.scdn.co/image/ab67616d0000b273104ed3d107408cca04ae4b24,https://open.spotify.com/track/7zJglnBRtWsSQqcPgoSfzr
767,It Was Always You,60,['Maroon 5'],2014-09-02,https://i.scdn.co/image/ab67616d0000b273442b53773d50e1b5369bb16c,https://open.spotify.com/track/2PLo8T3kGE9URFvBy3tUdt
767,Bli Shekel Bakisim,35,['Shaked Komemy'],2015-11-17,https://i.scdn.co/image/ab67616d0000b273c84b9c1fea967aa2c6a529aa,https://open.spotify.com/track/5xJRIm0T3IgYTDb4ATlkYk
767,Makes Me Wonder,58,['Maroon 5'],2007-01-01,https://i.scdn.co/image/ab67616d0000b2739741173cf2b32dab39424538,https://open.spotify.com/track/1lHXlGlve5Zx8tXLhyjDwM
767,Moves Like Jagger - Studio Recording From The Voice Performance,71,"['Maroon 5', 'Christina Aguilera']",2010,https://i.scdn.co/image/ab67616d0000b273ce70cb2d7063cf869f9f1239,https://open.spotify.com/track/7LcfRTgAVTs5pQGEQgUEzN
767,Payphone,76,"['Maroon 5', 'Wiz Khalifa']",2012-01-01,https://i.scdn.co/image/ab67616d0000b2733119f490f02fcee6514e8604,https://open.spotify.com/track/1LmN9SSHISbtp9LoaR5ZVJ
767,Love Somebody,60,['Maroon 5'],2012-01-01,https://i.scdn.co/image/ab67616d0000b2739d41d73f973cb817462e068a,https://open.spotify.com/track/0HnaqUxvHP5LaWdmWwJpiS
767,Daylight,60,['Maroon 5'],2012-01-01,https://i.scdn.co/image/ab67616d0000b2739d41d73f973cb817462e068a,https://open.spotify.com/track/6TwfdLbaxTKzQi3AgsZNzx
767,Girls Like You (feat. Cardi B),69,"['Maroon 5', 'Cardi B']",2018-06-15,https://i.scdn.co/image/ab67616d0000b273fc4852898bc6ed85b3e3f89c,https://open.spotify.com/track/6V1bu6o1Yo5ZXnsCJU8Ovk
767,What Lovers Do (feat. SZA),68,"['Maroon 5', 'SZA']",2018-06-15,https://i.scdn.co/image/ab67616d0000b273fc4852898bc6ed85b3e3f89c,https://open.spotify.com/track/2j5hsQvApottzvTn4pFJWF
767,Zorundamıyım,37,['Dilber Ay'],2008-02-05,https://i.scdn.co/image/ab67616d0000b273c29dc38e3248f4fb3ea1eda0,https://open.spotify.com/track/0qGcYAUhkokluTCAuLUSdY
767,Shot It,54,['KVPV'],2018-12-07,https://i.scdn.co/image/ab67616d0000b273e83750d69505a20d4860b291,https://open.spotify.com/track/0fz46NNjMakhtBb8boFnbQ
767,Entre nous,50,['Chimène Badi'],2003-01-01,https://i.scdn.co/image/ab67616d0000b273b2264460cd4d951a4f4cbb39,https://open.spotify.com/track/6j3MV6TuybbmOKwId3DEEG
767,Coba Kau Bayangkan,34,['The Dance Company'],2009-06-08,https://i.scdn.co/image/ab67616d0000b2738888b770d9be2cb78459d122,https://open.spotify.com/track/2tPDYMiS5aXTUpfszYw3Sx
767,Le jour d'après,34,['Chimène Badi'],2004-01-01,https://i.scdn.co/image/ab67616d0000b27385affe780ff940d2e0aa8a13,https://open.spotify.com/track/25xZHMGTqzG5PDatcIT7gm
767,Misery,62,['Maroon 5'],2010,https://i.scdn.co/image/ab67616d0000b27386498c6e8ee965fa665a9c3d,https://open.spotify.com/track/6KBYk8OFtod7brGuZ3Y67q
767,Never Gonna Leave This Bed,55,['Maroon 5'],2010,https://i.scdn.co/image/ab67616d0000b27386498c6e8ee965fa665a9c3d,https://open.spotify.com/track/4ucLHLiSjvkCz5Lr5dlVUj
767,New Guinea,59,['Nora Van Elken'],2019-11-20,https://i.scdn.co/image/ab67616d0000b273e466ce8316aac40b7b4303a6,https://open.spotify.com/track/2aOeoucXlw56zHNrbBwHWa
767,Khoj (Passing By),54,['When Chai Met Toast'],2018-09-07,https://i.scdn.co/image/ab67616d0000b273b8d6290393056a04acee107d,https://open.spotify.com/track/4QK1qv4mgsfdWmMzp1Z3fx
767,Blues Beatdown,39,['Acid Drinkers'],2008-07-07,https://i.scdn.co/image/ab67616d0000b2731cd98463ecf199fbc46e8fdc,https://open.spotify.com/track/0sUwo245t17WmmwSyy5aPZ
767,Payphone,51,"['Maroon 5', 'Wiz Khalifa']",2015-11-20,http://orig12.deviantart.net/846f/f/2015/245/9/b/new_spotify_icon_by_mattroxzworld-d98301o.png,https://open.spotify.com/
767,What Lovers Do,60,"['Maroon 5', 'SZA']",2017-11-03,http://orig12.deviantart.net/846f/f/2015/245/9/b/new_spotify_icon_by_mattroxzworld-d98301o.png,https://open.spotify.com/
767,What Lovers Do (feat. SZA),74,"['Maroon 5', 'SZA']",2018-06-15,http://orig12.deviantart.net/846f/f/2015/245/9/b/new_spotify_icon_by_mattroxzworld-d98301o.png,https://open.spotify.com/
767,Moves Like Jagger - Studio Recording From The Voice Performance,46,"['Maroon 5', 'Christina Aguilera']",2011-01-01,http://orig12.deviantart.net/846f/f/2015/245/9/b/new_spotify_icon_by_mattroxzworld-d98301o.png,https://open.spotify.com/
767,Misery,66,['Maroon 5'],2010,http://orig12.deviantart.net/846f/f/2015/245/9/b/new_spotify_icon_by_mattroxzworld-d98301o.png,https://open.spotify.com/
767,If I Ain’t Got You - Live,52,['Maroon 5'],2010,http://orig12.deviantart.net/846f/f/2015/245/9/b/new_spotify_icon_by_mattroxzworld-d98301o.png,https://open.spotify.com/
767,What Lovers Do,35,"['Maroon 5', 'SZA']",2017-11-03,http://orig12.deviantart.net/846f/f/2015/245/9/b/new_spotify_icon_by_mattroxzworld-d98301o.png,https://open.spotify.com/
767,Never Gonna Leave This Bed,55,['Maroon 5'],2010,http://orig12.deviantart.net/846f/f/2015/245/9/b/new_spotify_icon_by_mattroxzworld-d98301o.png,https://open.spotify.com/
767,If I Ain’t Got You - Live,34,['Maroon 5'],2010-01-01,http://orig12.deviantart.net/846f/f/2015/245/9/b/new_spotify_icon_by_mattroxzworld-d98301o.png,https://open.spotify.com/
767,Feelings,49,['Maroon 5'],2015-05-18,http://orig12.deviantart.net/846f/f/2015/245/9/b/new_spotify_icon_by_mattroxzworld-d98301o.png,https://open.spotify.com/
767,Won't Go Home Without You,61,['Maroon 5'],2007-01-01,http://orig12.deviantart.net/846f/f/2015/245/9/b/new_spotify_icon_by_mattroxzworld-d98301o.png,https://open.spotify.com/
767,Girls Like You (feat. Cardi B),46,"['Maroon 5', 'Cardi B']",2018-06-15,http://orig12.deviantart.net/846f/f/2015/245/9/b/new_spotify_icon_by_mattroxzworld-d98301o.png,https://open.spotify.com/
767,Love Somebody,58,['Maroon 5'],2012-01-01,http://orig12.deviantart.net/846f/f/2015/245/9/b/new_spotify_icon_by_mattroxzworld-d98301o.png,https://open.spotify.com/
767,Daylight,66,['Maroon 5'],2012-01-01,http://orig12.deviantart.net/846f/f/2015/245/9/b/new_spotify_icon_by_mattroxzworld-d98301o.png,https://open.spotify.com/
767,Payphone,83,"['Maroon 5', 'Wiz Khalifa']",2012-01-01,http://orig12.deviantart.net/846f/f/2015/245/9/b/new_spotify_icon_by_mattroxzworld-d98301o.png,https://open.spotify.com/
767,Moves Like Jagger - Studio Recording From The Voice Performance,47,"['Maroon 5', 'Christina Aguilera']",2010,http://orig12.deviantart.net/846f/f/2015/245/9/b/new_spotify_icon_by_mattroxzworld-d98301o.png,https://open.spotify.com/
767,Payphone,53,"['Maroon 5', 'Wiz Khalifa']",2012-01-01,http://orig12.deviantart.net/846f/f/2015/245/9/b/new_spotify_icon_by_mattroxzworld-d98301o.png,https://open.spotify.com/
767,Don't Wanna Know (feat. Kendrick Lamar),64,"['Maroon 5', 'Kendrick Lamar']",2018-06-15,http://orig12.deviantart.net/846f/f/2015/245/9/b/new_spotify_icon_by_mattroxzworld-d98301o.png,https://open.spotify.com/
767,Yo soy tu amigo fiel,50,['Ricardo Murguía'],2010-01-01,http://orig12.deviantart.net/846f/f/2015/245/9/b/new_spotify_icon_by_mattroxzworld-d98301o.png,https://open.spotify.com/
767,Moves Like Jagger,67,"['Maroon 5', 'Christina Aguilera']",2015-09-25,http://orig12.deviantart.net/846f/f/2015/245/9/b/new_spotify_icon_by_mattroxzworld-d98301o.png,https://open.spotify.com/
767,Feelings,37,['Maroon 5'],2015-07-22,http://orig12.deviantart.net/846f/f/2015/245/9/b/new_spotify_icon_by_mattroxzworld-d98301o.png,https://open.spotify.com/
767,Don't Wanna Know,60,"['Maroon 5', 'Kendrick Lamar']",2017-11-03,http://orig12.deviantart.net/846f/f/2015/245/9/b/new_spotify_icon_by_mattroxzworld-d98301o.png,https://open.spotify.com/
767,It Was Always You,49,['Maroon 5'],2015-05-18,http://orig12.deviantart.net/846f/f/2015/245/9/b/new_spotify_icon_by_mattroxzworld-d98301o.png,https://open.spotify.com/
767,Cold (feat. Future),69,"['Maroon 5', 'Future']",2018-06-15,http://orig12.deviantart.net/846f/f/2015/245/9/b/new_spotify_icon_by_mattroxzworld-d98301o.png,https://open.spotify.com/
767,Payphone - Cutmore Remix,54,"['Maroon 5', 'Wiz Khalifa']",2012-01-01,http://orig12.deviantart.net/846f/f/2015/245/9/b/new_spotify_icon_by_mattroxzworld-d98301o.png,https://open.spotify.com/
767,Don't Wanna Know (feat. Kendrick Lamar),48,"['Maroon 5', 'Kendrick Lamar']",2018-06-15,http://orig12.deviantart.net/846f/f/2015/245/9/b/new_spotify_icon_by_mattroxzworld-d98301o.png,https://open.spotify.com/
767,Moves Like Jagger,38,"['Maroon 5', 'Christina Aguilera']",2015-09-25,http://orig12.deviantart.net/846f/f/2015/245/9/b/new_spotify_icon_by_mattroxzworld-d98301o.png,https://open.spotify.com/
767,Love Somebody,39,['Maroon 5'],2012-01-01,http://orig12.deviantart.net/846f/f/2015/245/9/b/new_spotify_icon_by_mattroxzworld-d98301o.png,https://open.spotify.com/
767,Makes Me Wonder,64,['Maroon 5'],2007-01-01,http://orig12.deviantart.net/846f/f/2015/245/9/b/new_spotify_icon_by_mattroxzworld-d98301o.png,https://open.spotify.com/
767,Wait,64,['Maroon 5'],2018-06-15,http://orig12.deviantart.net/846f/f/2015/245/9/b/new_spotify_icon_by_mattroxzworld-d98301o.png,https://open.spotify.com/
767,Moves Like Jagger - Studio Recording From The Voice Performance,61,"['Maroon 5', 'Christina Aguilera']",2010,http://orig12.deviantart.net/846f/f/2015/245/9/b/new_spotify_icon_by_mattroxzworld-d98301o.png,https://open.spotify.com/
767,Misery,58,['Maroon 5'],2010,http://orig12.deviantart.net/846f/f/2015/245/9/b/new_spotify_icon_by_mattroxzworld-d98301o.png,https://open.spotify.com/
767,Cold,37,"['Maroon 5', 'Future']",2017-11-03,http://orig12.deviantart.net/846f/f/2015/245/9/b/new_spotify_icon_by_mattroxzworld-d98301o.png,https://open.spotify.com/
767,Daylight,53,['Maroon 5'],2012-01-01,http://orig12.deviantart.net/846f/f/2015/245/9/b/new_spotify_icon_by_mattroxzworld-d98301o.png,https://open.spotify.com/
767,Nobody's Love,76,['Maroon 5'],2020-07-24,http://orig12.deviantart.net/846f/f/2015/245/9/b/new_spotify_icon_by_mattroxzworld-d98301o.png,https://open.spotify.com/
767,Daylight,44,['Maroon 5'],2012-01-01,http://orig12.deviantart.net/846f/f/2015/245/9/b/new_spotify_icon_by_mattroxzworld-d98301o.png,https://open.spotify.com/
767,Won't Go Home Without You - Acoustic Version,33,['Maroon 5'],2007,http://orig12.deviantart.net/846f/f/2015/245/9/b/new_spotify_icon_by_mattroxzworld-d98301o.png,https://open.spotify.com/
767,Not Coming Home,46,['Maroon 5'],2002,http://orig12.deviantart.net/846f/f/2015/245/9/b/new_spotify_icon_by_mattroxzworld-d98301o.png,https://open.spotify.com/
767,Sugar,63,['Maroon 5'],2015-05-18,http://orig12.deviantart.net/846f/f/2015/245/9/b/new_spotify_icon_by_mattroxzworld-d98301o.png,https://open.spotify.com/
767,Dirty Work,43,['Austin Mahone'],2017-10-18,http://orig12.deviantart.net/846f/f/2015/245/9/b/new_spotify_icon_by_mattroxzworld-d98301o.png,https://open.spotify.com/
767,Sad,54,['Maroon 5'],2012-01-01,http://orig12.deviantart.net/846f/f/2015/245/9/b/new_spotify_icon_by_mattroxzworld-d98301o.png,https://open.spotify.com/
767,If I Ain’t Got You - Live,45,['Maroon 5'],2010-09-15,http://orig12.deviantart.net/846f/f/2015/245/9/b/new_spotify_icon_by_mattroxzworld-d98301o.png,https://open.spotify.com/
767,Payphone,49,['Maroon 5'],2014-01-01,http://orig12.deviantart.net/846f/f/2015/245/9/b/new_spotify_icon_by_mattroxzworld-d98301o.png,https://open.spotify.com/
767,If I Never See Your Face Again,56,['Maroon 5'],2007-01-01,http://orig12.deviantart.net/846f/f/2015/245/9/b/new_spotify_icon_by_mattroxzworld-d98301o.png,https://open.spotify.com/
767,Maps,49,['Maroon 5'],2015-07-22,http://orig12.deviantart.net/846f/f/2015/245/9/b/new_spotify_icon_by_mattroxzworld-d98301o.png,https://open.spotify.com/
767,Don't Wanna Know,34,"['Maroon 5', 'Kendrick Lamar']",2017-11-03,http://orig12.deviantart.net/846f/f/2015/245/9/b/new_spotify_icon_by_mattroxzworld-d98301o.png,https://open.spotify.com/
767,Misery,55,['Maroon 5'],2010-01-01,http://orig12.deviantart.net/846f/f/2015/245/9/b/new_spotify_icon_by_mattroxzworld-d98301o.png,https://open.spotify.com/
767,Love Somebody,64,['Maroon 5'],2012-01-01,http://orig12.deviantart.net/846f/f/2015/245/9/b/new_spotify_icon_by_mattroxzworld-d98301o.png,https://open.spotify.com/
767,This Summer,49,['Maroon 5'],2015-05-18,http://orig12.deviantart.net/846f/f/2015/245/9/b/new_spotify_icon_by_mattroxzworld-d98301o.png,https://open.spotify.com/
767,Moves Like Jagger,51,"['Maroon 5', 'Christina Aguilera']",2015-11-20,http://orig12.deviantart.net/846f/f/2015/245/9/b/new_spotify_icon_by_mattroxzworld-d98301o.png,https://open.spotify.com/
767,Payphone - Edit,53,"['Maroon 5', 'Wiz Khalifa']",2012-01-01,http://orig12.deviantart.net/846f/f/2015/245/9/b/new_spotify_icon_by_mattroxzworld-d98301o.png,https://open.spotify.com/
767,Sugar,68,['Maroon 5'],2015-05-18,http://orig12.deviantart.net/846f/f/2015/245/9/b/new_spotify_icon_by_mattroxzworld-d98301o.png,https://open.spotify.com/
767,Daylight,37,['Maroon 5'],2012-01-01,http://orig12.deviantart.net/846f/f/2015/245/9/b/new_spotify_icon_by_mattroxzworld-d98301o.png,https://open.spotify.com/
767,Won't Go Home Without You,38,['Maroon 5'],2007,http://orig12.deviantart.net/846f/f/2015/245/9/b/new_spotify_icon_by_mattroxzworld-d98301o.png,https://open.spotify.com/
767,Don't Wanna Know (feat. Kendrick Lamar),71,"['Maroon 5', 'Kendrick Lamar']",2018-06-15,http://orig12.deviantart.net/846f/f/2015/245/9/b/new_spotify_icon_by_mattroxzworld-d98301o.png,https://open.spotify.com/
767,Give A Little More,43,['Maroon 5'],2010-01-01,http://orig12.deviantart.net/846f/f/2015/245/9/b/new_spotify_icon_by_mattroxzworld-d98301o.png,https://open.spotify.com/
767,Maps,60,['Maroon 5'],2015-05-18,http://orig12.deviantart.net/846f/f/2015/245/9/b/new_spotify_icon_by_mattroxzworld-d98301o.png,https://open.spotify.com/
767,Misery,35,['Maroon 5'],2010,http://orig12.deviantart.net/846f/f/2015/245/9/b/new_spotify_icon_by_mattroxzworld-d98301o.png,https://open.spotify.com/
767,Never Gonna Leave This Bed,51,['Maroon 5'],2010-01-01,http://orig12.deviantart.net/846f/f/2015/245/9/b/new_spotify_icon_by_mattroxzworld-d98301o.png,https://open.spotify.com/
767,Girls Like You (feat. Cardi B),76,"['Maroon 5', 'Cardi B']",2018-05-30,http://orig12.deviantart.net/846f/f/2015/245/9/b/new_spotify_icon_by_mattroxzworld-d98301o.png,https://open.spotify.com/
767,What Lovers Do (feat. SZA),48,"['Maroon 5', 'SZA']",2018-06-15,http://orig12.deviantart.net/846f/f/2015/245/9/b/new_spotify_icon_by_mattroxzworld-d98301o.png,https://open.spotify.com/
767,Won't Go Home Without You,70,['Maroon 5'],2007-01-01,http://orig12.deviantart.net/846f/f/2015/245/9/b/new_spotify_icon_by_mattroxzworld-d98301o.png,https://open.spotify.com/
767,Sugar,58,['Maroon 5'],2015-07-22,http://orig12.deviantart.net/846f/f/2015/245/9/b/new_spotify_icon_by_mattroxzworld-d98301o.png,https://open.spotify.com/
767,Beautiful Mistakes (feat. Megan Thee Stallion),90,"['Maroon 5', 'Megan Thee Stallion']",2021-03-03,http://orig12.deviantart.net/846f/f/2015/245/9/b/new_spotify_icon_by_mattroxzworld-d98301o.png,https://open.spotify.com/
767,Never Gonna Leave This Bed,32,['Maroon 5'],2010,http://orig12.deviantart.net/846f/f/2015/245/9/b/new_spotify_icon_by_mattroxzworld-d98301o.png,https://open.spotify.com/
767,If I Ain’t Got You - Live,41,['Maroon 5'],2010-01-01,http://orig12.deviantart.net/846f/f/2015/245/9/b/new_spotify_icon_by_mattroxzworld-d98301o.png,https://open.spotify.com/
767,Misery - Acoustic Version,34,['Maroon 5'],2010-09-15,http://orig12.deviantart.net/846f/f/2015/245/9/b/new_spotify_icon_by_mattroxzworld-d98301o.png,https://open.spotify.com/
767,Girls Like You (feat. Cardi B),76,"['Maroon 5', 'Cardi B']",2018-06-15,http://orig12.deviantart.net/846f/f/2015/245/9/b/new_spotify_icon_by_mattroxzworld-d98301o.png,https://open.spotify.com/
767,Love Somebody,42,['Maroon 5'],2012-01-01,http://orig12.deviantart.net/846f/f/2015/245/9/b/new_spotify_icon_by_mattroxzworld-d98301o.png,https://open.spotify.com/
767,Maps,65,['Maroon 5'],2015-05-18,http://orig12.deviantart.net/846f/f/2015/245/9/b/new_spotify_icon_by_mattroxzworld-d98301o.png,https://open.spotify.com/
767,Moves Like Jagger - Studio Recording From The Voice Performance,78,"['Maroon 5', 'Christina Aguilera']",2010,http://orig12.deviantart.net/846f/f/2015/245/9/b/new_spotify_icon_by_mattroxzworld-d98301o.png,https://open.spotify.com/
767,She Will Be Loved,74,['Maroon 5'],2002-06-25,http://orig12.deviantart.net/846f/f/2015/245/9/b/new_spotify_icon_by_mattroxzworld-d98301o.png,https://open.spotify.com/
767,Give A Little More,51,['Maroon 5'],2010,http://orig12.deviantart.net/846f/f/2015/245/9/b/new_spotify_icon_by_mattroxzworld-d98301o.png,https://open.spotify.com/
767,Payphone,55,"['Maroon 5', 'Wiz Khalifa']",2012-01-01,http://orig12.deviantart.net/846f/f/2015/245/9/b/new_spotify_icon_by_mattroxzworld-d98301o.png,https://open.spotify.com/
768,Now's The Time,36,['Charlie Parker Quartet'],1952-12-12,https://i.scdn.co/image/ab67616d0000b273aeb39f276dde87a22496665f,https://open.spotify.com/track/0cvA7oe0YMEOl5L017P9lq
768,Confirmation - Take 3 / Master,35,['Charlie Parker Quartet'],1952-12-12,https://i.scdn.co/image/ab67616d0000b273aeb39f276dde87a22496665f,https://open.spotify.com/track/29erJjtgdbh1KbG7MuPJCj
768,If I Had a Hammer - Live at PJ's 1963,35,['Trini Lopez'],1963,https://i.scdn.co/image/ab67616d0000b2732c98c6e02562d99f160fb492,https://open.spotify.com/track/1Sl8RmAVQXplFOo7rjxkAO
768,Cadillac solitario,54,['Loquillo'],1989-02-22,https://i.scdn.co/image/ab67616d0000b273ad72c67c221650a68b70a25f,https://open.spotify.com/track/60HibhiSF8eBC2w4DWgorI
768,Cadillac solitario,59,['Loquillo'],2009-11-13,https://i.scdn.co/image/ab67616d0000b273316d57fd601743059e3c3d71,https://open.spotify.com/track/3VNxbWlw9oVvxSnSbeiCBb
768,Affection,69,['Jinsang'],2016-12-23,https://i.scdn.co/image/ab67616d0000b27379b44bc0e3496025d421bdea,https://open.spotify.com/track/7MdZQXUBijQxcBkYz4G1Z5
768,Plaisir d'Amour,37,['Vicki Brown'],1987-09-25,https://i.scdn.co/image/ab67616d0000b273e7ec7285f502eb74b8c0d454,https://open.spotify.com/track/7r5SBJVc7UH2Nurk0XhzTz
768,Honestly?,48,['American Football'],1999,https://i.scdn.co/image/ab67616d0000b273d6dfafe62fef3ad433ff77d8,https://open.spotify.com/track/4ue1k6IIQFd0BAAiOF50yi
768,Crónicas de un Viejo Amor,32,['Asdrubar'],2017-04-18,https://i.scdn.co/image/ab67616d0000b2737d9dbec526e1e8610c7e494a,https://open.spotify.com/track/1jHO5bjHjctYiWDA5j27Dp
768,La cola less,48,['Altos Cumbieros'],2004-07-06,https://i.scdn.co/image/ab67616d0000b273fe37e5f437c81cf84d28578b,https://open.spotify.com/track/64R5nJZvyvIynP0bPnLYgV
768,Stay Home,45,['American Football'],1999,https://i.scdn.co/image/ab67616d0000b273d6dfafe62fef3ad433ff77d8,https://open.spotify.com/track/35xnCYrjXbuqhgl7E0rhck
768,Je koniec (feat. Kali),38,"['Dominika Mirgova', 'Kali']",2014-08-09,https://i.scdn.co/image/ab67616d0000b273d6c4cd83720aa475c241fe21,https://open.spotify.com/track/5uzsoxlrEQtn9XAJiDgFQU
768,Hejloka,41,['Ferloja'],2021-01-04,https://i.scdn.co/image/ab67616d0000b2735563056ad4bf8636dd0c5559,https://open.spotify.com/track/4LXCjaHmITKZfGcHldjBZO
768,S' Agapo (Makria Sou Ola Miazoun Psema),34,['Christos Cholidis'],2015-10-23,https://i.scdn.co/image/ab67616d0000b273f00e959f0e3f2cc749eef346,https://open.spotify.com/track/3eaGAboTxfssgpfzOJSQdE
768,Ghetto Story,47,['Cham'],2006-08-14,https://i.scdn.co/image/ab67616d0000b2733bb6263880c4ba389574815f,https://open.spotify.com/track/00bnP8RyknzZMkNlEAO2ih
768,Tag Min Hånd,39,['Barbara Moleko'],2015-06-05,https://i.scdn.co/image/ab67616d0000b273dd8d3b00b4de598356aacd22,https://open.spotify.com/track/4VIvit0Md34DPQ4ZXRt078
768,Swish,63,['mike.'],2016-01-12,https://i.scdn.co/image/ab67616d0000b2731fa5569dd9cee18f89bd8c6b,https://open.spotify.com/track/59oP06RoBps6bvbvSQ1Zee
768,Fool For You,48,['Paul Rey'],2018-06-15,https://i.scdn.co/image/ab67616d0000b273d453ac544c3f2d823229c911,https://open.spotify.com/track/4eECaktwFUcoBwdhuukv6d
768,Cruzando el paraíso,48,['Loquillo'],2008-04-08,https://i.scdn.co/image/ab67616d0000b27319f3cff96c35a868add437fc,https://open.spotify.com/track/1i4IlPSIE1hDiAwVHyH2yp
768,"El hombre de negro (feat. Jaime Urrutia, Andrés Calamaro y Bunbury)",39,"['Loquillo', 'Andrés Calamaro', 'Bunbury', 'Jaime Urrutia']",2009-11-13,https://i.scdn.co/image/ab67616d0000b273316d57fd601743059e3c3d71,https://open.spotify.com/track/60oRmk1tWfwWdIqRtSxPDY
768,Ben Gibi Bakmaz,69,['Lia Shine'],2020-06-19,https://i.scdn.co/image/ab67616d0000b27320f4dd3c041e8c31144abd44,https://open.spotify.com/track/3QWpTf2VIdELYUUiKJAXlI
768,Aden P2,60,['Lia Shine'],2020-07-10,https://i.scdn.co/image/ab67616d0000b2739952ea81dbd700cb0d7a2a1f,https://open.spotify.com/track/5nH7scL0E9sDQjGnNiTWMm
768,Değiştin,57,['Lia Shine'],2020-09-18,https://i.scdn.co/image/ab67616d0000b2733a5a1e1365f4b11ea45e92dc,https://open.spotify.com/track/5hNlXT6ICe300iRWBc2PYp
768,Benimle Ateş Et,53,['Lia Shine'],2020-12-25,https://i.scdn.co/image/ab67616d0000b2739b98f78308ec651d88270c72,https://open.spotify.com/track/4y6fwyXUsuAeP52Dq6c8ol
768,Eu Navegarei,47,['Kemuel'],2015-07-02,https://i.scdn.co/image/ab67616d0000b27318859cbfdf9783165eaf8397,https://open.spotify.com/track/1RNCTxPw7NDPcIUOHzuOb9
768,Stay with Me 'Til Morning,33,"['Vicki Brown', 'The New London Chorale']",1993-09-22,https://i.scdn.co/image/ab67616d0000b2730b018b51df53d73d90841244,https://open.spotify.com/track/2VzvG3apTo2dkEMDKs7WeU
768,Wine - feat. O,39,['Cham'],2012-06-25,https://i.scdn.co/image/ab67616d0000b273d863aa855d536723c047b5d6,https://open.spotify.com/track/05bChDWPyWRDpCfpuqqdnF
768,Egyptian Pools,62,['Jinsang'],2015-04-23,https://i.scdn.co/image/ab67616d0000b2730f29efa407a3f47d6a780edc,https://open.spotify.com/track/3CFS6vCzVVsWL5veYusCe7
768,Pachabel Canon,35,['Konrad Kono'],1997-06-01,https://i.scdn.co/image/ab67616d0000b2737d2afe8198f74095a3c9331e,https://open.spotify.com/track/5ts1IwANdQn08vezQdJ7d7
768,Gugmang Giatay,34,['Enchi'],2006,https://i.scdn.co/image/ab67616d0000b2732ca7d0f513f8635ad1819b1c,https://open.spotify.com/track/4YkgS8FfM4tZYxjJvEleIK
768,Baboy,32,['Enchi'],2006,https://i.scdn.co/image/ab67616d0000b2732ca7d0f513f8635ad1819b1c,https://open.spotify.com/track/59DFEFFIIHPJAF5kQrBiaa
768,Tear Me Down,49,['Paul Rey'],2018-06-15,https://i.scdn.co/image/ab67616d0000b273d453ac544c3f2d823229c911,https://open.spotify.com/track/2DPR5R6cFXS9gwo9u5cbZ1
768,You Know I Should Be Leaving Soon,42,['American Football'],1999,http://orig12.deviantart.net/846f/f/2015/245/9/b/new_spotify_icon_by_mattroxzworld-d98301o.png,https://open.spotify.com/
768,Indianer,33,['Barbara Moleko'],2014-09-29,http://orig12.deviantart.net/846f/f/2015/245/9/b/new_spotify_icon_by_mattroxzworld-d98301o.png,https://open.spotify.com/
768,Regina Balului,32,"['Criss Blaziny', 'Rashid']",2015-03-06,http://orig12.deviantart.net/846f/f/2015/245/9/b/new_spotify_icon_by_mattroxzworld-d98301o.png,https://open.spotify.com/
768,I'm on Fire,61,['The Staves'],2014-10-20,http://orig12.deviantart.net/846f/f/2015/245/9/b/new_spotify_icon_by_mattroxzworld-d98301o.png,https://open.spotify.com/
768,Open Wide,42,['Tina Dickow'],2007-01-01,http://orig12.deviantart.net/846f/f/2015/245/9/b/new_spotify_icon_by_mattroxzworld-d98301o.png,https://open.spotify.com/
768,Enkelit Lentää Sun Uniin,35,['Mikko Kuustonen'],1991-06-07,http://orig12.deviantart.net/846f/f/2015/245/9/b/new_spotify_icon_by_mattroxzworld-d98301o.png,https://open.spotify.com/
768,Nobody's Man,35,['Tina Dickow'],2010-01-01,http://orig12.deviantart.net/846f/f/2015/245/9/b/new_spotify_icon_by_mattroxzworld-d98301o.png,https://open.spotify.com/
768,El Tesoro de los Inocentes,42,['La Chicana'],2015-08-04,http://orig12.deviantart.net/846f/f/2015/245/9/b/new_spotify_icon_by_mattroxzworld-d98301o.png,https://open.spotify.com/
768,Frédéric,40,['Claude Léveillée'],1993,http://orig12.deviantart.net/846f/f/2015/245/9/b/new_spotify_icon_by_mattroxzworld-d98301o.png,https://open.spotify.com/
768,Sådan Nogen Som Os,34,['Barbara Moleko'],2014-09-29,http://orig12.deviantart.net/846f/f/2015/245/9/b/new_spotify_icon_by_mattroxzworld-d98301o.png,https://open.spotify.com/
768,I'll See You When We're Both Not So Emotional,44,['American Football'],1999,http://orig12.deviantart.net/846f/f/2015/245/9/b/new_spotify_icon_by_mattroxzworld-d98301o.png,https://open.spotify.com/
768,Alt Hvad Hun Ville Var At Danse,44,['Tina Dickow'],2014-12-01,http://orig12.deviantart.net/846f/f/2015/245/9/b/new_spotify_icon_by_mattroxzworld-d98301o.png,https://open.spotify.com/
768,Fugleflugt,37,['Tina Dickow'],2014-12-01,http://orig12.deviantart.net/846f/f/2015/245/9/b/new_spotify_icon_by_mattroxzworld-d98301o.png,https://open.spotify.com/
768,Ghetto Story,45,['Cham'],2006-08-15,http://orig12.deviantart.net/846f/f/2015/245/9/b/new_spotify_icon_by_mattroxzworld-d98301o.png,https://open.spotify.com/
768,Que Hace Una Chica Como Tu En Un Sitio Como Este,39,['Loquillo'],2003-03-03,http://orig12.deviantart.net/846f/f/2015/245/9/b/new_spotify_icon_by_mattroxzworld-d98301o.png,https://open.spotify.com/
768,Talking In My Sleep,60,['Paul Rey'],2020-02-08,http://orig12.deviantart.net/846f/f/2015/245/9/b/new_spotify_icon_by_mattroxzworld-d98301o.png,https://open.spotify.com/
768,København,36,['Tina Dickow'],2014-12-01,http://orig12.deviantart.net/846f/f/2015/245/9/b/new_spotify_icon_by_mattroxzworld-d98301o.png,https://open.spotify.com/
768,Vitamin S,38,['Cham'],2006-08-15,http://orig12.deviantart.net/846f/f/2015/245/9/b/new_spotify_icon_by_mattroxzworld-d98301o.png,https://open.spotify.com/
768,If I Had a Hammer,47,['Trini Lopez'],2005-12-20,http://orig12.deviantart.net/846f/f/2015/245/9/b/new_spotify_icon_by_mattroxzworld-d98301o.png,https://open.spotify.com/
768,Becky,57,"['Bizzey', 'Yung Felix', 'Josylvio', 'Tellem']",2020-07-02,http://orig12.deviantart.net/846f/f/2015/245/9/b/new_spotify_icon_by_mattroxzworld-d98301o.png,https://open.spotify.com/
768,Ensom,42,['Tina Dickow'],2014-12-01,http://orig12.deviantart.net/846f/f/2015/245/9/b/new_spotify_icon_by_mattroxzworld-d98301o.png,https://open.spotify.com/
768,Copenhagen,33,['Tina Dickow'],2010-01-01,http://orig12.deviantart.net/846f/f/2015/245/9/b/new_spotify_icon_by_mattroxzworld-d98301o.png,https://open.spotify.com/
768,Alle svar,42,['Tina Dickow'],2019-11-22,http://orig12.deviantart.net/846f/f/2015/245/9/b/new_spotify_icon_by_mattroxzworld-d98301o.png,https://open.spotify.com/
768,But The Regrets Are Killing Me,43,['American Football'],1999,http://orig12.deviantart.net/846f/f/2015/245/9/b/new_spotify_icon_by_mattroxzworld-d98301o.png,https://open.spotify.com/
768,Halleluja (With Steffen Brandt) - Bonus Track,37,['Tina Dickow'],2010-01-01,http://orig12.deviantart.net/846f/f/2015/245/9/b/new_spotify_icon_by_mattroxzworld-d98301o.png,https://open.spotify.com/
768,For Sure,43,['American Football'],1999,http://orig12.deviantart.net/846f/f/2015/245/9/b/new_spotify_icon_by_mattroxzworld-d98301o.png,https://open.spotify.com/
768,Shippūden,62,['Blanco'],2020-03-20,http://orig12.deviantart.net/846f/f/2015/245/9/b/new_spotify_icon_by_mattroxzworld-d98301o.png,https://open.spotify.com/
768,Blessing It,40,"['Substantial', 'Nujabes', 'Pase Rock']",2003-09-16,http://orig12.deviantart.net/846f/f/2015/245/9/b/new_spotify_icon_by_mattroxzworld-d98301o.png,https://open.spotify.com/
768,Juguete Rabioso,38,['La Chicana'],2004,http://orig12.deviantart.net/846f/f/2015/245/9/b/new_spotify_icon_by_mattroxzworld-d98301o.png,https://open.spotify.com/
768,Ghetto Story Chapter 2 (feat. Alicia Keys),39,"['Cham', 'Alicia Keys']",2006-08-15,http://orig12.deviantart.net/846f/f/2015/245/9/b/new_spotify_icon_by_mattroxzworld-d98301o.png,https://open.spotify.com/
768,Dum For Dig,37,['Barbara Moleko'],2012-09-17,http://orig12.deviantart.net/846f/f/2015/245/9/b/new_spotify_icon_by_mattroxzworld-d98301o.png,https://open.spotify.com/
768,Гонзо,40,['Luperkal'],2014-12-03,http://orig12.deviantart.net/846f/f/2015/245/9/b/new_spotify_icon_by_mattroxzworld-d98301o.png,https://open.spotify.com/
768,Rey del Glam,49,['Loquillo'],2018-04-20,http://orig12.deviantart.net/846f/f/2015/245/9/b/new_spotify_icon_by_mattroxzworld-d98301o.png,https://open.spotify.com/
769,Bem Que Se Quis - Ao Vivo,55,['Marisa Monte'],1989-01-01,https://i.scdn.co/image/ab67616d0000b273b3c85d7bfdaa99d038689e4a,https://open.spotify.com/track/6tAug9ksGLZb2z1RfPZJMo
769,Diariamente,46,['Marisa Monte'],1991-01-01,https://i.scdn.co/image/ab67616d0000b273892f2051533befd8a3cad534,https://open.spotify.com/track/4zCwRtaRCQlvJF65UG55S8
769,Sava Tiho Teče,36,['Plavi Orkestar'],1986-01-01,https://i.scdn.co/image/ab67616d0000b273213791f702693e8cd65a65de,https://open.spotify.com/track/29mWDp8Mpo3Y8TKPLz679u
769,Dança da Solidão - Ao Vivo,44,"['Marisa Monte', 'Gilberto Gil']",1996-01-01,https://i.scdn.co/image/ab67616d0000b273b05fbfd4720ceadd0e8d7498,https://open.spotify.com/track/4KoL0tFPNVcRx2zf0tnfOO
769,Give Me Love (Give Me Peace On Earth) / Me And Bobby Mcgee / It Ain't Over 'Til It's Over - Ao Vivo,43,['Marisa Monte'],1996-01-01,https://i.scdn.co/image/ab67616d0000b273b05fbfd4720ceadd0e8d7498,https://open.spotify.com/track/5AY3e8rU23yf7xgRjnsHCp
769,Ainda Lembro - Ao Vivo,46,['Marisa Monte'],1996-01-01,https://i.scdn.co/image/ab67616d0000b273b05fbfd4720ceadd0e8d7498,https://open.spotify.com/track/64oF1BluW2zefd2QHPKbyZ
769,O Que Se Quer,51,"['Marisa Monte', 'Rodrigo Amarante']",2011-01-01,https://i.scdn.co/image/ab67616d0000b2735b7cd42c778cf9be6b2790e8,https://open.spotify.com/track/4k4scHExbSHxuy0gGMZri7
769,Que Se Apague La Luz,40,"['La Reserva', 'Chule Von Wernich']",2017-11-11,https://i.scdn.co/image/ab67616d0000b273624bbc5e6b47da84bcc1ca8d,https://open.spotify.com/track/1e9eoFJ7cmAI8lbUa7AyNC
769,太坦白,38,['Ronghao Li'],2013-09-16,https://i.scdn.co/image/ab67616d0000b273d8461067931d360b616efb65,https://open.spotify.com/track/5bUMSEIoYKJPbGkEfc0EhJ
769,作曲家,39,['Ronghao Li'],2014-11-28,https://i.scdn.co/image/ab67616d0000b273f71ef7e85e4da5aae3944586,https://open.spotify.com/track/1HKx419sngkK8TOPv6TehM
769,爸爸媽媽,52,['Ronghao Li'],2016-01-22,https://i.scdn.co/image/ab67616d0000b273167bfff7b24d6d8fb0cd08a8,https://open.spotify.com/track/0w4Sf61CbM69gDD7RVmaBD
769,麻雀,53,['Ronghao Li'],2020-07-30,https://i.scdn.co/image/ab67616d0000b2734c6660462213fe936b059e04,https://open.spotify.com/track/4n4yz5y49RHrH6zUY5aFry
769,From Gold,60,['Novo Amor'],2014-04-25,https://i.scdn.co/image/ab67616d0000b2733f640fcf51f43afcee1e1b4e,https://open.spotify.com/track/3AQhXfkD5BijatJVv2DsJV
769,Carry You,68,['Novo Amor'],2017-05-26,https://i.scdn.co/image/ab67616d0000b273277620423172f5a151f452e3,https://open.spotify.com/track/0u4rkpmNtgcFxYHepnVF4v
769,Bekledim,40,['Karsu'],2015-09-11,https://i.scdn.co/image/ab67616d0000b273821f60e64176145735ba23fa,https://open.spotify.com/track/2Dc0YZm9NA8kNvEwUSKYCi
769,Jest Oldu,59,['Karsu'],2018-02-17,https://i.scdn.co/image/ab67616d0000b2732d2288ffba8f2360a8c1e5dd,https://open.spotify.com/track/36od5gfj11fNcwuFKK7x4J
769,Reloading My Mind,60,['Karsu'],2019-10-10,https://i.scdn.co/image/ab67616d0000b2732be680b9cc0933b67f8026a7,https://open.spotify.com/track/4zvluMaWTXLLhWhxe6F1E1
769,Hey Meisje,58,"['Esko', 'Josylvio', 'Hansie']",2018-04-20,https://i.scdn.co/image/ab67616d0000b273d0c497823055c51c7579f748,https://open.spotify.com/track/1c7Kh2uMMxG7k4QqNjjg95
769,Não É Fácil - 2004 Digital Remaster,46,['Marisa Monte'],2000-01-01,https://i.scdn.co/image/ab67616d0000b273b8b0cd2aba0baaf566bcd625,https://open.spotify.com/track/6PNXKOFbGbB3sHOLsVSwOZ
769,Pra Ser Sincero,49,['Marisa Monte'],2006-01-01,https://i.scdn.co/image/ab67616d0000b273b944f430d0489ae7c6a1fd02,https://open.spotify.com/track/1p9aHG0e9hLRvksavVL6V1
769,Pelo Tempo Que Durar,43,['Marisa Monte'],2006-01-01,https://i.scdn.co/image/ab67616d0000b273b944f430d0489ae7c6a1fd02,https://open.spotify.com/track/5sJJQxIfys0imGd4WhILm8
769,Carinhoso,53,"['Marisa Monte', 'Paulinho Da Viola']",2016-01-01,https://i.scdn.co/image/ab67616d0000b273e5f9d12436a969f0d35a2bf3,https://open.spotify.com/track/5zfWoufXTAXICVcxgR5fYO
769,Breng Mij Terug,63,"['Esko', 'Josylvio']",2021-03-05,https://i.scdn.co/image/ab67616d0000b2734a7631568e76da8487d3c886,https://open.spotify.com/track/5uZbid9f5TiXCLUP0I9Sv3
769,Jongen Van Bodem,61,['Esko'],2021-01-29,https://i.scdn.co/image/ab67616d0000b273c97f25262fcbb15ca75a156a,https://open.spotify.com/track/4CYBXa7AbtL18cIu06OFtp
769,Jah Gringo (Single Version),43,['Martin Jondo'],2006-10-13,https://i.scdn.co/image/ab67616d0000b27351e6d1c92e5c8e4670103b66,https://open.spotify.com/track/3qQmvmhEsKnCdclPXZcC1A
769,Tagu-Taguan,57,['Moira Dela Torre'],2018-02-19,https://i.scdn.co/image/ab67616d0000b27384c39a72230ca78d8223dcec,https://open.spotify.com/track/2iOnWSWcChoGmUufbrQ00e
769,Lei 'Awapuhi - Yellow Ginger Lei,36,"['Bob Brozman', 'Ledward Kaapana']",1997-04-15,https://i.scdn.co/image/ab67616d0000b273cbc1f4b4a1b0094e69ec26eb,https://open.spotify.com/track/7jVT5ATucVf0V2R5ztUnYJ
769,Malaya,55,['Moira Dela Torre'],2018-02-19,https://i.scdn.co/image/ab67616d0000b27384c39a72230ca78d8223dcec,https://open.spotify.com/track/70bc7AZ8MN5niphOXyHpsD
769,We & Us,55,['Moira Dela Torre'],2018-02-19,https://i.scdn.co/image/ab67616d0000b27384c39a72230ca78d8223dcec,https://open.spotify.com/track/5hyhR9TYBcSnmpSEl455eK
769,Take Her to the Moon,54,['Moira Dela Torre'],2018-02-19,https://i.scdn.co/image/ab67616d0000b27384c39a72230ca78d8223dcec,https://open.spotify.com/track/7rOqvrGASV9CZh20uvGXpq
769,Langit Lupa,48,"['Moira Dela Torre', 'Inigo Pascual']",2018-02-19,https://i.scdn.co/image/ab67616d0000b27384c39a72230ca78d8223dcec,https://open.spotify.com/track/290Lkdv0KsUV0CJ7J5liy8
769,Anong Nangyari Sa Ating Dalawa,47,['Moira Dela Torre'],2018-05-11,https://i.scdn.co/image/ab67616d0000b273b25da644679af4eeee440244,https://open.spotify.com/track/4UBoF5hcXav3XzKJHYqb1E
769,Paalam,59,"['Moira Dela Torre', 'Ben&Ben']",2019-09-13,https://i.scdn.co/image/ab67616d0000b273fcc98d357eecb8cc328925d0,https://open.spotify.com/track/22AZDYG6qrjMFg0ceeL9X6
769,"Patawad, Paalam",55,"['Moira Dela Torre', 'I Belong to the Zoo']",2019-06-14,https://i.scdn.co/image/ab67616d0000b273812f15fd90732e8789a5d63f,https://open.spotify.com/track/14BG5B1EJSCyNpZt096xXc
769,"Patawad, Paalam",57,"['Moira Dela Torre', 'I Belong to the Zoo']",2020-03-27,https://i.scdn.co/image/ab67616d0000b2737b38d60805622c7ded0d045a,https://open.spotify.com/track/5QJYLlZvfZHX1wUTrgROru
769,Min Sista Snus,43,['Michael Nyberg'],2014-01-23,https://i.scdn.co/image/ab67616d0000b273e5f6000afe4439c3c9a014ba,https://open.spotify.com/track/4XhRcVuutgfKg5pvEotoTB
769,王牌冤家,43,['Ronghao Li'],2018-10-17,http://orig12.deviantart.net/846f/f/2015/245/9/b/new_spotify_icon_by_mattroxzworld-d98301o.png,https://open.spotify.com/
769,Sluchalla,42,['Snehllak'],2021-01-31,http://orig12.deviantart.net/846f/f/2015/245/9/b/new_spotify_icon_by_mattroxzworld-d98301o.png,https://open.spotify.com/
769,Home,42,['Moira Dela Torre'],2015-11-20,http://orig12.deviantart.net/846f/f/2015/245/9/b/new_spotify_icon_by_mattroxzworld-d98301o.png,https://open.spotify.com/
769,Halleluiah Man,37,['Love & Money'],1999-01-01,http://orig12.deviantart.net/846f/f/2015/245/9/b/new_spotify_icon_by_mattroxzworld-d98301o.png,https://open.spotify.com/
769,NOBODY,56,"['Blue.D', 'MINO']",2019-12-02,http://orig12.deviantart.net/846f/f/2015/245/9/b/new_spotify_icon_by_mattroxzworld-d98301o.png,https://open.spotify.com/
769,F..k That,50,['Bastard!'],2020-06-29,http://orig12.deviantart.net/846f/f/2015/245/9/b/new_spotify_icon_by_mattroxzworld-d98301o.png,https://open.spotify.com/
769,麻雀,48,['Ronghao Li'],2019-12-05,http://orig12.deviantart.net/846f/f/2015/245/9/b/new_spotify_icon_by_mattroxzworld-d98301o.png,https://open.spotify.com/
769,Omhoog,49,"['Esko', 'Snelle']",2019-11-22,http://orig12.deviantart.net/846f/f/2015/245/9/b/new_spotify_icon_by_mattroxzworld-d98301o.png,https://open.spotify.com/
769,Happily Ever After,44,['Moira Dela Torre'],2014-08-28,http://orig12.deviantart.net/846f/f/2015/245/9/b/new_spotify_icon_by_mattroxzworld-d98301o.png,https://open.spotify.com/
769,Paalam,55,"['Moira Dela Torre', 'Ben&Ben']",2020-03-27,http://orig12.deviantart.net/846f/f/2015/245/9/b/new_spotify_icon_by_mattroxzworld-d98301o.png,https://open.spotify.com/
769,東京テディベア,34,['Neru'],2013,http://orig12.deviantart.net/846f/f/2015/245/9/b/new_spotify_icon_by_mattroxzworld-d98301o.png,https://open.spotify.com/
769,אי אי אי,38,"['NOROZ', 'Boi Ecchi']",2018-12-11,http://orig12.deviantart.net/846f/f/2015/245/9/b/new_spotify_icon_by_mattroxzworld-d98301o.png,https://open.spotify.com/
769,都一樣,39,['Ronghao Li'],2013-09-16,http://orig12.deviantart.net/846f/f/2015/245/9/b/new_spotify_icon_by_mattroxzworld-d98301o.png,https://open.spotify.com/
770,Never Say Never,47,['Romeo Void'],1981,https://i.scdn.co/image/ab67616d0000b273563dad175947ff718708ebd8,https://open.spotify.com/track/02RkunUrCBLE5J6jY56QH3
770,Good Thing,64,['Fine Young Cannibals'],1988-01-01,https://i.scdn.co/image/ab67616d0000b273c573a4a852f010523c4ba383,https://open.spotify.com/track/6lRkdG1HurVS72F9GoBeWJ
770,The Message,66,['Nas'],1996-07-02,https://i.scdn.co/image/ab67616d0000b273886d823ecbfcbe661a6b0ab9,https://open.spotify.com/track/1AHfovSnGPVYKaahRtA0U6
770,Affirmative Action,58,['Nas'],1996-07-02,https://i.scdn.co/image/ab67616d0000b273886d823ecbfcbe661a6b0ab9,https://open.spotify.com/track/2Ja3UauMDeQnq4sI8a64Ys
770,I Gave You Power,51,['Nas'],1996-07-02,https://i.scdn.co/image/ab67616d0000b273886d823ecbfcbe661a6b0ab9,https://open.spotify.com/track/4dSLfdnCy43DPJiqpoZoKe
770,As Hard as It Is,34,['Fine Young Cannibals'],1988-01-01,https://i.scdn.co/image/ab67616d0000b273c573a4a852f010523c4ba383,https://open.spotify.com/track/3XGnQzrcKETtHKxpxmEODD
770,Shootouts,45,['Nas'],1996-07-02,https://i.scdn.co/image/ab67616d0000b273886d823ecbfcbe661a6b0ab9,https://open.spotify.com/track/6DWdTk7UaZ6LIYYCFvmgX7
770,You Won't See Me Tonight (feat. Aaliyah),42,"['Nas', 'Aaliyah']",1999-04-06,https://i.scdn.co/image/ab67616d0000b273e80a5aa8d7224edc04b1dc28,https://open.spotify.com/track/3hUIzwlu5u8qBQK9iyAKOR
770,R.I.C.O. (feat. Drake),72,"['Meek Mill', 'Drake']",2015-06-29,https://i.scdn.co/image/ab67616d0000b273fd31cd96c4ba94c40532cc34,https://open.spotify.com/track/0Y0TOsE1q11qgbi7c5WZsG
770,Affirmative Action (feat. Suprême NTM) - Saint-Denis Style Remix,45,"['Nas', 'Suprême NTM']",1995,https://i.scdn.co/image/ab67616d0000b273b7529d768d924491b0695aa6,https://open.spotify.com/track/7bRU1gQWJlz4ArBvfgGqm0
770,Enkelten kaupunki,49,['Samu Haber'],2021-02-01,https://i.scdn.co/image/ab67616d0000b2736a6db8bd927078ceb4e0a229,https://open.spotify.com/track/6UrM00tt7umgwd9KbrsdgP
770,Hours Of Ours,38,"['Sinne Eeg', 'Lars Jansson', 'Morten Lund', 'Mads Vinding']",2007-10-29,https://i.scdn.co/image/ab67616d0000b27368518da0d4d188eb3d4259a1,https://open.spotify.com/track/3noDxclU0hTMOCZJJu6vi6
770,A Drinking Song,55,['Helldorado'],2005-09-26,https://i.scdn.co/image/ab67616d0000b273a163e0ed72d5d4e81258a582,https://open.spotify.com/track/1cY37saH6h6UJQavtquYa0
770,Mr. Personality,33,['Gillette'],1994-10-01,https://i.scdn.co/image/ab67616d0000b2732c87304e8f4e6800050869dc,https://open.spotify.com/track/54iN6BfnSGilCdHV708GM6
770,Never Say Never - Single Version,33,['Romeo Void'],1982,https://i.scdn.co/image/ab67616d0000b273990f4e3eb75e69491229a98f,https://open.spotify.com/track/2UJGoRgmZottzy6klQL0nS
770,Look What Happened,51,['Less Than Jake'],2003-05-19,https://i.scdn.co/image/ab67616d0000b27346b71e44bcda9ea6eba4182e,https://open.spotify.com/track/2zPrdI7V4Pik4He87Nhdbl
770,Mr. Personality,36,['Gillette'],1994,http://orig12.deviantart.net/846f/f/2015/245/9/b/new_spotify_icon_by_mattroxzworld-d98301o.png,https://open.spotify.com/
770,Vägen Hem,39,['Östen Med Resten'],1995-07-07,http://orig12.deviantart.net/846f/f/2015/245/9/b/new_spotify_icon_by_mattroxzworld-d98301o.png,https://open.spotify.com/
